url_id,title,ad_title,subtitle,description,price,model_year,km,seats,vehicle_model,length_variant,trim_family,fuel,drive,battery_kwh,range_wltp_km,effect_hp,max_tow_kg,body_type,vehicle_class,has_towbar,has_panorama,has_hud,has_leather,has_camera,has_nav,is_camper,owners,first_registered,warranty_text,warranty_months,warranty_km,color,place,postal_code,county,latitude,longitude,seller_name,updated_at_text,model_sample,relevant,is_electric,parse_source_core,parse_source_flags,raw_html_file,url,search_query,search_page,search_position,brand,model,search_price,page_title,total_price_text,price_ex_reg_text,reg_fee_text,effect_text,km_text,battery_text,range_text,transmission,tow_weight_text,weight_text,doors,luggage_text,country,eu_deadline,registration_number,sales_form,weight_kg,luggage_l,total_price,price_ex_reg,battery_kwh_detected,range_wltp_km_detected,finn_county_code,finn_municipality_code,model_clean
451015720,Citroen SpaceTourer,Citroen SpaceTourer,NA,NA,195000,2020,35000,9,Citroen ë-SpaceTourer,NA,base,El,Forhjulsdrift,50,211,136,1000,Kasse,Personbil,FALSE,FALSE,FALSE,FALSE,FALSE,TRUE,TRUE,NA,17.07.2020,NA,NA,NA,Sølv,Ski,1425,Akershus,59.71969589593153,10.835604896452368,NA,"30. april 2026, 23:58 Del annonsen Rapporter annonse",TRUE,TRUE,TRUE,FINN HTML definition list + SEO structured data,deterministic keyword parser,data/raw/html/item_451015720.html,https://www.finn.no/mobility/item/451015720,50kWh SpaceTourer,1,1,Citroen,SpaceTourer,195000,Bruktbil til salgs: Citroen SpaceTourer - 2020 - Sølv - 136 hk - Kasse | FINN.no,NA,190 468 kr,4 532 kr (avgifter),136 hk,35 000 km,NA,NA,Automat,1 000 kg,2 183 kg,5,NA,Norge,05.02.2028,ED97238,Bruktbil til salgs,2183,NA,NA,190468,50,0,20003,22104,SpaceTourer
441656103,Citroen SpaceTourer,Citroen SpaceTourer,75kWt L3 Shine,75kWt L3 Shine,374434,2021,44000,8,Citroen ë-SpaceTourer,XL/L3,high,El,Forhjulsdrift,75,330,136,1000,Flerbruksbil,Personbil,FALSE,FALSE,TRUE,TRUE,FALSE,TRUE,TRUE,2,19.11.2021,Nybilgaranti,NA,NA,Grå,Hagan,1481,Akershus,59.997432057042005,10.917727178672298,NA,"6. mai 2026, 22:41 Del annonsen Rapporter annonse",TRUE,TRUE,TRUE,FINN HTML definition list + SEO structured data,deterministic keyword parser,data/raw/html/item_441656103.html,https://www.finn.no/mobility/item/441656103,75kWt SpaceTourer,1,1,Citroen,SpaceTourer,374434,Bruktbil til salgs: Citroen SpaceTourer - 2021 - Grå - 136 hk - Flerbruksbil | FINN.no,NA,370 000 kr,4 434 kr (avgifter),136 hk,44 000 km,75 kWh,NA,Automat,1 000 kg,2 065 kg,5,603 L,Norge,20.11.2027,ED39107,Bruktbil til salgs,2065,603,NA,370000,75,0,20003,20054,SpaceTourer
460924816,Citroen SpaceTourer,Citroen SpaceTourer,75kWt 6 seter Fantastisk familiebil | Leveringsklar,75kWt 6 seter Fantastisk familiebil | Leveringsklar,374900,2024,8,6,Citroen ë-SpaceTourer,NA,base,El,Forhjulsdrift,75,315,136,NA,Flerbruksbil,Personbil,FALSE,FALSE,FALSE,FALSE,FALSE,TRUE,TRUE,NA,24.06.2024,Bruktbilgaranti,60,100000,Hvit,Lillestrøm,NA,Akershus,59.956725,11.034393,Birger N. Haug AS Lillestrøm,"11. mai 2026, 16:53 Referanse P277923 Del annonsen Rapporter annonse",TRUE,TRUE,TRUE,FINN HTML definition list + SEO structured data,deterministic keyword parser,data/raw/html/item_460924816.html,https://www.finn.no/mobility/item/460924816,75kWt SpaceTourer,1,2,Citroen,SpaceTourer,374900,Bruktbil til salgs: Citroen SpaceTourer - 2024 - Hvit - 136 hk - Flerbruksbil | FINN.no,NA,NA,Fritatt (avgifter),136 hk,8 km,75 kWh,NA,Automat,NA,NA,6,NA,Norge,NA,EC25582,Bruktbil til salgs,NA,NA,NA,NA,75,315,20003,22105,SpaceTourer
462489982,Citroen E-SpaceTourer,Citroen E-SpaceTourer,75kWt L2 Shine,75kWt L2 Shine,375000,2021,65000,8,Citroen ë-SpaceTourer,M/L2,high,El,Forhjulsdrift,75,330,136,1000,Flerbruksbil,Personbil,FALSE,TRUE,TRUE,TRUE,FALSE,TRUE,TRUE,2,29.12.2021,Nybilgaranti,NA,100000,Svart,Rud,1351,Akershus,59.908400460010036,10.493201785290369,Autoco Bærum AS,"5. mai 2026, 10:53 Del annonsen Rapporter annonse",TRUE,TRUE,TRUE,FINN HTML definition list + SEO structured data,deterministic keyword parser,data/raw/html/item_462489982.html,https://www.finn.no/mobility/item/462489982,75kWt SpaceTourer,1,3,Citroen,E-SpaceTourer,375000,Bruktbil til salgs: Citroen E-SpaceTourer - 2021 - Svart - 136 hk - Flerbruksbil | FINN.no,NA,370 468 kr,4 532 kr (avgifter),136 hk,65 000 km,75 kWh,NA,Automat,1 000 kg,2 065 kg,5,603 L,Norge,29.12.2027,EC78339,Bruktbil til salgs,2065,603,NA,370468,75,0,20003,20045,E-SpaceTourer
460885571,Citroen SpaceTourer,Citroen SpaceTourer,75kWt 6 seter MOMSFRADRAG VED LEASING/PÅSKEKAMPANJE,75kWt 6 seter MOMSFRADRAG VED LEASING/PÅSKEKAMPANJE,379900,2024,5,6,Citroen ë-SpaceTourer,NA,high,El,Forhjulsdrift,75,350,136,1000,Flerbruksbil,Personbil,FALSE,FALSE,FALSE,TRUE,FALSE,TRUE,TRUE,NA,24.06.2024,Nybilgaranti,38,120000,Hvit,Rud,NA,Akershus,59.909499,10.49477,Birger N. Haug AS avd. Rud,"22. april 2026, 10:39 Referanse P277925 Del annonsen Rapporter annonse",TRUE,TRUE,TRUE,FINN HTML definition list + SEO structured data,deterministic keyword parser,data/raw/html/item_460885571.html,https://www.finn.no/mobility/item/460885571,75kWt SpaceTourer,1,4,Citroen,SpaceTourer,379900,Bruktbil til salgs: Citroen SpaceTourer - 2024 - Hvit - 136 hk - Flerbruksbil | FINN.no,NA,NA,Fritatt (avgifter),136 hk,5 km,75 kWh,NA,Automat,1 000 kg,2 086 kg,5,603 L,Norge,NA,NA,Bruktbil til salgs,2086,603,NA,NA,75,0,20003,20045,SpaceTourer
463485562,Citroen SpaceTourer,Citroen SpaceTourer,340km 75kWt L3 Plus 9-seter/Ryggekamera/Navigasjon/ACC,340km 75kWt L3 Plus 9-seter/Ryggekamera/Navigasjon/ACC,779000,2026,5000,9,Citroen ë-SpaceTourer,XL/L3,high,El,Forhjulsdrift,75,340,136,1000,Flerbruksbil,Personbil,FALSE,TRUE,FALSE,TRUE,TRUE,TRUE,TRUE,NA,08.05.2026,Nybilgaranti,59,100000,Svart,Oslo,NA,Oslo,59.916098,10.790484,Mobile Oslo AS,"13. mai 2026, 16:07 Referanse VF7VSZKU8TZ033448 Del annonsen Rapporter annonse",TRUE,TRUE,TRUE,FINN HTML definition list + SEO structured data,deterministic keyword parser,data/raw/html/item_463485562.html,https://www.finn.no/mobility/item/463485562,75kWt SpaceTourer,1,5,Citroen,SpaceTourer,779000,Bruktbil til salgs: Citroen SpaceTourer - 2026 - Svart - 136 hk - Flerbruksbil | FINN.no,NA,771 495 kr,7 505 kr (avgifter),136 hk,5 000 km,NA,NA,Automat,1 000 kg,2 332 kg,5,980 L,Norge,08.05.2030,DS39230,Bruktbil til salgs,2332,980,NA,771495,75,340,20061,20456,SpaceTourer
460131170,Citroen C4,Citroen C4,Puretech 131hk AT | Navi | Ryggekamera | EU 05/27,Puretech 131hk AT | Navi | Ryggekamera | EU 05/27,139900,2019,107849,7,NA,NA,high,Bensin,Forhjulsdrift,NA,849,131,1300,Flerbruksbil,Personbil,FALSE,FALSE,FALSE,TRUE,TRUE,TRUE,TRUE,2,20.05.2019,Outlet (ingen garanti),NA,NA,Hvit,Haugesund,NA,NA,59.397404,5.334735,Bil-Kompaniet Haugesund,"16. april 2026, 14:32 Referanse 3466 Del annonsen Rapporter annonse",FALSE,FALSE,FALSE,FINN HTML definition list + SEO structured data,deterministic keyword parser,data/raw/html/item_460131170.html,https://www.finn.no/mobility/item/460131170,Citroen E-SpaceTourer,1,1,Citroen,C4,139900,Bruktbil til salgs: Citroen C4 - 2019 - Hvit - 131 hk - Flerbruksbil | FINN.no,NA,135 368 kr,4 532 kr (avgifter),131 hk,107 849 km,NA,NA,Automat,1 300 kg,1 399 kg,5,NA,Norge,NA,BT95634,Bruktbil til salgs,1399,NA,NA,135368,NA,849,20012,20197,C4
453730792,Citroen Grand C4 Spacetourer,Citroen Grand C4 Spacetourer,BlueHDI 130 Shine aut - 7 SETER - TOPPMODELL,BlueHDI 130 Shine aut - 7 SETER - TOPPMODELL,174900,2019,128000,7,NA,NA,high,Diesel,Forhjulsdrift,NA,0,130,1500,Flerbruksbil,Personbil,FALSE,FALSE,FALSE,TRUE,TRUE,TRUE,TRUE,NA,16.03.2019,Bruktbilgaranti,3,3000,Hvit,Sarpsborg,NA,NA,59.288482,11.089453,Mobile Sarpsborg AS,"22. april 2026, 15:05 Referanse VF73AYHZRJJ852208 Del annonsen Rapporter annonse",FALSE,FALSE,FALSE,FINN HTML definition list + SEO structured data,deterministic keyword parser,data/raw/html/item_453730792.html,https://www.finn.no/mobility/item/453730792,Citroen E-SpaceTourer,1,2,Citroen,Grand C4 Spacetourer,174900,Bruktbil til salgs: Citroen Grand C4 Spacetourer - 2019 - Hvit - 130 hk - Flerbruksbil | FINN.no,NA,170 368 kr,4 532 kr (avgifter),130 hk,128 000 km,NA,NA,Automat,1 500 kg,1 430 kg,5,170 L,Norge,07.01.2027,AS59543,Bruktbil til salgs,1430,170,NA,170368,NA,0,20002,20023,Grand C4 Spacetourer
460763516,Citroen C4,Citroen C4,131HK Aut Pano R.kam Massasje Lav km 360° ACC / Carplay,131HK Aut Pano R.kam Massasje Lav km 360° ACC / Carplay,199000,2020,63500,5,NA,NA,high,Diesel,Forhjulsdrift,NA,500,131,1700,Flerbruksbil,Personbil,TRUE,TRUE,FALSE,TRUE,TRUE,TRUE,TRUE,NA,03.07.2020,Bruktbilgaranti 50/50,3,3000,Grå,Isdalstø,NA,NA,60.559524,5.264894,Vest Motor AS,"11. mai 2026, 09:33 Referanse 3622 Del annonsen Rapporter annonse",FALSE,FALSE,FALSE,FINN HTML definition list + SEO structured data,deterministic keyword parser,data/raw/html/item_460763516.html,https://www.finn.no/mobility/item/460763516,Citroen E-SpaceTourer,1,4,Citroen,C4,199000,Bruktbil til salgs: Citroen C4 - 2020 - Grå - 131 hk - Flerbruksbil | FINN.no,NA,194 468 kr,4 532 kr (avgifter),131 hk,63 500 km,NA,NA,Manuell,1 700 kg,1 402 kg,5,NA,Norge,NA,NA,Bruktbil til salgs,1402,NA,NA,194468,NA,500,22046,22109,C4
462533291,Citroen Grand C4 Spacetourer,Citroen Grand C4 Spacetourer,PureTech 130 Shine Pack aut,PureTech 130 Shine Pack aut,229000,2019,98500,7,NA,NA,high,Bensin,Forhjulsdrift,NA,500,130,NA,Flerbruksbil,Personbil,FALSE,FALSE,FALSE,TRUE,TRUE,TRUE,TRUE,NA,07.02.2020,Bruktbilgaranti,6,6000,Blå,Mo i Rana,8624,Nordland,66.30700304820942,14.13220905664669,Bilalliansen AS,"5. mai 2026, 17:00 Referanse VF73AHNSRKJ733734 Del annonsen Rapporter annonse",FALSE,FALSE,FALSE,FINN HTML definition list + SEO structured data,deterministic keyword parser,data/raw/html/item_462533291.html,https://www.finn.no/mobility/item/462533291,Citroen E-SpaceTourer,1,5,Citroen,Grand C4 Spacetourer,229000,Bruktbil til salgs: Citroen Grand C4 Spacetourer - 2019 - Blå - 130 hk - Flerbruksbil | FINN.no,NA,224 468 kr,4 532 kr (avgifter),130 hk,98 500 km,NA,NA,Automat,NA,1 399 kg,5,130 L,Norge,07.02.2026,BU15063,Bruktbil til salgs,1399,130,NA,224468,NA,500,20018,20383,Grand C4 Spacetourer
413302959,Citroen Grand C4 Spacetourer,Citroen Grand C4 Spacetourer,131hk Automat/7-Seter/Pano/ACC/Kamera/Dab/Navigasjon/BT,131hk Automat/7-Seter/Pano/ACC/Kamera/Dab/Navigasjon/BT,239000,2019,59993,7,NA,NA,high,Bensin,Forhjulsdrift,NA,993,131,1300,Flerbruksbil,Personbil,TRUE,TRUE,FALSE,TRUE,TRUE,TRUE,TRUE,NA,20.06.2019,Fragus GOSafe Complete,12,150000,Grå,Frekhaug,NA,NA,60.514648,5.227445,Autosalg Vest AS,"3. mars 2026, 13:33 Referanse 2998 Del annonsen Rapporter annonse",FALSE,FALSE,FALSE,FINN HTML definition list + SEO structured data,deterministic keyword parser,data/raw/html/item_413302959.html,https://www.finn.no/mobility/item/413302959,Citroen E-SpaceTourer,1,6,Citroen,Grand C4 Spacetourer,239000,Bruktbil til salgs: Citroen Grand C4 Spacetourer - 2019 - Grå - 131 hk - Flerbruksbil | FINN.no,NA,234 566 kr,4 434 kr (avgifter),131 hk,59 993 km,NA,NA,Automat,1 300 kg,1 399 kg,5,NA,Norge,NA,CF99310,Bruktbil til salgs,1399,NA,NA,234566,NA,993,22046,22109,Grand C4 Spacetourer
460486066,Opel Zafira,Opel Zafira,75kWh L2 Elegance | 6 seter | Skinn,75kWh L2 Elegance | 6 seter | Skinn,357000,2022,30000,6,Opel Zafira-e Life,M/L2,high,El,Forhjulsdrift,75,306,136,1000,Flerbruksbil,Personbil,FALSE,FALSE,FALSE,TRUE,TRUE,TRUE,TRUE,NA,19.04.2022,Bruktbilgaranti,19,200000,Hvit,Ås,1435,Akershus,59.65165708865168,10.81385373995132,NA,"14. mai 2026, 12:24 Del annonsen Rapporter annonse",TRUE,FALSE,TRUE,FINN HTML definition list + SEO structured data,deterministic keyword parser,data/raw/html/item_460486066.html,https://www.finn.no/mobility/item/460486066,Citroen E-SpaceTourer,1,7,Opel,Zafira,357000,Bruktbil til salgs: Opel Zafira - 2022 - Hvit - 136 hk - Flerbruksbil | FINN.no,NA,352 468 kr,4 532 kr (avgifter),136 hk,30 000 km,75 kWh,NA,Automat,1 000 kg,2 416 kg,5,NA,Norge,10.11.2026,EN86673,Bruktbil til salgs,2416,NA,NA,352468,75,0,20003,20041,Zafira
449163455,Citroen SpaceTourer,Citroen SpaceTourer,120hk Diesel 9-seter Personbil/Business/ 2x Skyvedør+++,120hk Diesel 9-seter Personbil/Business/ 2x Skyvedør+++,399900,2019,73778,9,Citroen ë-SpaceTourer,NA,high,Diesel,Forhjulsdrift,NA,778,120,1800,Flerbruksbil,Personbil,FALSE,FALSE,FALSE,FALSE,TRUE,TRUE,TRUE,1,31.01.2019,Fragus Mobility Basic,12,300000,Sølv,Kolbotn,1410,Akershus,59.811164127722286,10.79438932200601,Autospektrum AS Oslo,"2. mars 2026, 15:54 Referanse 4001 Del annonsen Rapporter annonse",FALSE,FALSE,FALSE,FINN HTML definition list + SEO structured data,deterministic keyword parser,data/raw/html/item_449163455.html,https://www.finn.no/mobility/item/449163455,Citroen E-SpaceTourer,1,10,Citroen,SpaceTourer,399900,Bruktbil til salgs: Citroen SpaceTourer - 2019 - Sølv - 120 hk - Flerbruksbil | FINN.no,NA,395 368 kr,4 532 kr (avgifter),120 hk,73 778 km,NA,NA,Manuell,1 800 kg,1 648 kg,5,NA,Norge,NA,SV94796,Bruktbil til salgs,1648,NA,NA,395368,NA,778,20003,22104,SpaceTourer
449164002,Citroen SpaceTourer,Citroen SpaceTourer,177Hk 8-seter Exlusive/Massasje/Skinn/Navi/Panorama++,177Hk 8-seter Exlusive/Massasje/Skinn/Navi/Panorama++,449900,2018,132563,8,Citroen ë-SpaceTourer,NA,high,Diesel,Forhjulsdrift,NA,563,177,2200,Flerbruksbil,Personbil,TRUE,TRUE,TRUE,TRUE,TRUE,TRUE,TRUE,2,28.06.2018,Fragus Mobility Basic,12,300000,Grå,Kolbotn,1410,Akershus,59.811164127722286,10.79438932200601,Autospektrum AS Oslo,"13. mai 2026, 12:38 Referanse 4064 Del annonsen Rapporter annonse",FALSE,FALSE,FALSE,FINN HTML definition list + SEO structured data,deterministic keyword parser,data/raw/html/item_449164002.html,https://www.finn.no/mobility/item/449164002,Citroen E-SpaceTourer,1,11,Citroen,SpaceTourer,449900,Bruktbil til salgs: Citroen SpaceTourer - 2018 - Grå - 177 hk - Flerbruksbil | FINN.no,NA,445 368 kr,4 532 kr (avgifter),177 hk,132 563 km,NA,NA,Automat,2 200 kg,1 669 kg,5,NA,Norge,NA,RL33252,Bruktbil til salgs,1669,NA,NA,445368,NA,563,20003,22104,SpaceTourer
450558416,Citroen Grand C4 Spacetourer,Citroen Grand C4 Spacetourer,Spacetourer/Krok /Pano/Kamera/7-seter/ACC/Automat,Spacetourer/Krok /Pano/Kamera/7-seter/ACC/Automat,199000,2019,110500,7,NA,NA,high,Bensin,Forhjulsdrift,NA,500,131,1300,Flerbruksbil,Personbil,TRUE,TRUE,FALSE,TRUE,TRUE,TRUE,TRUE,NA,29.10.2019,Bruktbilgaranti,3,3000,Hvit,Øvre Vats,NA,NA,59.529625,5.687182,KNAPPHUS BIL AS,"13. mars 2026, 12:55 Del annonsen Rapporter annonse",FALSE,FALSE,FALSE,FINN HTML definition list + SEO structured data,deterministic keyword parser,data/raw/html/item_450558416.html,https://www.finn.no/mobility/item/450558416,e-SpaceTourer,1,4,Citroen,Grand C4 Spacetourer,199000,Bruktbil til salgs: Citroen Grand C4 Spacetourer - 2019 - Hvit - 131 hk - Flerbruksbil | FINN.no,NA,194 566 kr,4 434 kr (avgifter),131 hk,110 500 km,NA,NA,Automat,1 300 kg,1 399 kg,4,NA,Norge,NA,SD93511,Bruktbil til salgs,1399,NA,NA,194566,NA,500,20012,20219,Grand C4 Spacetourer
433519464,Opel Zafira,Opel Zafira,Life 9-Seter 50KWh 212km / Cruise / CarPlay / S+V / DAB,Life 9-Seter 50KWh 212km / Cruise / CarPlay / S+V / DAB,239000,2021,99000,9,Opel Zafira-e Life,NA,high,El,Forhjulsdrift,50,212,136,1000,Flerbruksbil,Personbil,FALSE,FALSE,FALSE,FALSE,TRUE,TRUE,TRUE,NA,26.11.2020,garanti etter avtale (se annonsetekst - fra/maks),6,300000,Hvit,Hamar,2315,Innlandet,60.80598650981171,11.050175638517086,Car4Sale AS,"11. mars 2026, 16:43 Referanse 11931 Del annonsen Rapporter annonse",TRUE,FALSE,TRUE,FINN HTML definition list + SEO structured data,deterministic keyword parser,data/raw/html/item_433519464.html,https://www.finn.no/mobility/item/433519464,Opel Zafira e-Life,1,1,Opel,Zafira,239000,Bruktbil til salgs: Opel Zafira - 2021 - Hvit - 136 hk - Flerbruksbil | FINN.no,NA,234 468 kr,4 532 kr (avgifter),136 hk,99 000 km,50 kWh,NA,Automat,1 000 kg,2 194 kg,5,NA,Norge,NA,NA,Bruktbil til salgs,2194,NA,NA,234468,50,212,22034,20063,Zafira
460936892,Opel Vivaro,Opel Vivaro,Life/Vivaro/6 seter/50hwh/Kamera/,Life/Vivaro/6 seter/50hwh/Kamera/,268000,2020,11200,9,NA,NA,high,El,Forhjulsdrift,50,214,136,1000,Flerbruksbil,Personbil,FALSE,FALSE,FALSE,FALSE,TRUE,TRUE,TRUE,NA,30.10.2020,Nybilgaranti fra 1. gang reg.,60,100000,Hvit,Søreidgrend,NA,NA,60.315677,5.268882,ECOCAR AS,"8. mai 2026, 18:09 Referanse 3835 Del annonsen Rapporter annonse",FALSE,NA,TRUE,FINN HTML definition list + SEO structured data,deterministic keyword parser,data/raw/html/item_460936892.html,https://www.finn.no/mobility/item/460936892,Opel Zafira e-Life,1,2,Opel,Vivaro,268000,Bruktbil til salgs: Opel Vivaro - 2020 - Hvit - 136 hk - Flerbruksbil | FINN.no,NA,NA,Fritatt (avgifter),136 hk,11 200 km,50 kWh,NA,Automat,1 000 kg,2 177 kg,NA,NA,Norge,NA,EP25466,Bruktbil til salgs,2177,NA,NA,NA,50,200,22046,20220,Vivaro
462768464,Opel Zafira,Opel Zafira,BRUKTBILKAMPANJE 136hk 50kWt 8- seter | Skinn,BRUKTBILKAMPANJE 136hk 50kWt 8- seter | Skinn,279000,2021,80000,8,Opel Zafira-e Life,NA,high,El,Forhjulsdrift,46,207,136,1000,Flerbruksbil,Personbil,FALSE,TRUE,TRUE,TRUE,TRUE,TRUE,TRUE,NA,07.07.2022,Bruktbil garanti,6,6000,Svart,Ålesund,NA,NA,62.470916,6.357525,Auto 8-8 Ålesund AS,"7. mai 2026, 17:14 Referanse ca800c26-cb16-4a8d-9b26-781d0b957a61 Del annonsen Rapporter annonse",TRUE,FALSE,TRUE,FINN HTML definition list + SEO structured data,deterministic keyword parser,data/raw/html/item_462768464.html,https://www.finn.no/mobility/item/462768464,Opel Zafira e-Life,1,3,Opel,Zafira,279000,Bruktbil til salgs: Opel Zafira - 2021 - Svart - 136 hk - Flerbruksbil | FINN.no,NA,274 468 kr,4 532 kr (avgifter),136 hk,80 000 km,46 kWh,NA,Automat,1 000 kg,1 894 kg,6,NA,Norge,NA,EE28579,Bruktbil til salgs,1894,NA,NA,274468,50,0,20015,20282,Zafira
461006616,Opel Zafira,Opel Zafira,"El- L3 75kWh 136hk 8-seter, landets billigste, eu ok","El- L3 75kWh 136hk 8-seter, landets billigste, eu ok",299900,2023,153444,8,Opel Zafira-e Life,XL/L3,high,El,Forhjulsdrift,75,311,136,1000,Flerbruksbil,Personbil,FALSE,FALSE,FALSE,TRUE,TRUE,TRUE,TRUE,NA,27.09.2023,Bruktbilgaranti,3,3000,Grå,Inderøy,7670,Trøndelag/Nordland,63.86839543574856,11.297664133278946,Jætåsen Bil AS,"23. april 2026, 11:19 Del annonsen Rapporter annonse",TRUE,FALSE,TRUE,FINN HTML definition list + SEO structured data,deterministic keyword parser,data/raw/html/item_461006616.html,https://www.finn.no/mobility/item/461006616,Opel Zafira e-Life,1,4,Opel,Zafira,299900,Bruktbil til salgs: Opel Zafira - 2023 - Grå - 136 hk - Flerbruksbil | FINN.no,NA,NA,Ikke oppgitt (avgifter),136 hk,153 444 km,75 kWh,NA,Automat,1 000 kg,2 092 kg,5,980 L,Norge,09.07.2026,XD91171,Bruktbil til salgs,2092,980,NA,NA,75,444,20016,20354,Zafira
459060409,Opel Zafira,Opel Zafira,Elegance L3 50kWh 136hk,Elegance L3 50kWh 136hk,319532,2021,56660,8,Opel Zafira-e Life,XL/L3,high,El,Forhjulsdrift,50,230,136,1000,Flerbruksbil,Personbil,FALSE,FALSE,TRUE,TRUE,FALSE,TRUE,TRUE,2,15.12.2020,NA,NA,NA,Svart,Sandnes,4324,Agder,58.81642666884743,5.751628554301968,NA,"5. mai 2026, 13:06 Del annonsen Rapporter annonse",TRUE,FALSE,TRUE,FINN HTML definition list + SEO structured data,deterministic keyword parser,data/raw/html/item_459060409.html,https://www.finn.no/mobility/item/459060409,Opel Zafira e-Life,1,5,Opel,Zafira,319532,Bruktbil til salgs: Opel Zafira - 2021 - Svart - 136 hk - Flerbruksbil | FINN.no,NA,315 000 kr,4 532 kr (avgifter),136 hk,56 660 km,50 kWh,NA,Automat,1 000 kg,2 092 kg,5,980 L,Norge,17.06.2027,EE12612,Bruktbil til salgs,2092,980,NA,315000,50,660,20012,20195,Zafira
436123185,Opel Vivaro,Opel Vivaro,Life/Vivaro/75kwh/8 seter/Lang-L3/Vårsalg!,Life/Vivaro/75kwh/8 seter/Lang-L3/Vårsalg!,337000,2022,44598,8,NA,XL/L3,high,El,Forhjulsdrift,75,314,136,1000,Flerbruksbil,Personbil,FALSE,FALSE,FALSE,FALSE,TRUE,TRUE,TRUE,NA,11.01.2022,Fragus Mobility Premium,24,200000,Hvit,Søreidgrend,NA,NA,60.315677,5.268882,ECOCAR AS,"8. mai 2026, 18:09 Referanse 3770 Del annonsen Rapporter annonse",FALSE,NA,TRUE,FINN HTML definition list + SEO structured data,deterministic keyword parser,data/raw/html/item_436123185.html,https://www.finn.no/mobility/item/436123185,Opel Zafira e-Life,1,6,Opel,Vivaro,337000,Bruktbil til salgs: Opel Vivaro - 2022 - Hvit - 136 hk - Flerbruksbil | FINN.no,NA,332 468 kr,4 532 kr (avgifter),136 hk,44 598 km,75 kWh,NA,Automat,1 000 kg,2 249 kg,NA,NA,Norge,NA,EP82171,Bruktbil til salgs,2249,NA,NA,332468,75,598,22046,20220,Vivaro
460970224,Opel Zafira,Opel Zafira,Elegance L2 75kWh 136hk,Elegance L2 75kWh 136hk,399000,2022,44800,8,Opel Zafira-e Life,M/L2,high,El,Forhjulsdrift,75,329,136,1000,Flerbruksbil,Personbil,TRUE,FALSE,FALSE,TRUE,TRUE,TRUE,TRUE,1,28.11.2022,Nybilgaranti,60,100000,Grå,Volda,6102,Møre og Romsdal/Vestland,62.150502794654514,6.065592636373951,NA,"12. mai 2026, 11:43 Del annonsen Rapporter annonse",TRUE,FALSE,TRUE,FINN HTML definition list + SEO structured data,deterministic keyword parser,data/raw/html/item_460970224.html,https://www.finn.no/mobility/item/460970224,Opel Zafira e-Life,1,8,Opel,Zafira,399000,Bruktbil til salgs: Opel Zafira - 2022 - Grå - 136 hk - Flerbruksbil | FINN.no,NA,394 468 kr,4 532 kr (avgifter),136 hk,44 800 km,75 kWh,NA,Automat,1 000 kg,2 065 kg,5,550 L,Norge,28.11.2026,EE78998,Bruktbil til salgs,2065,550,NA,394468,75,800,20015,20288,Zafira
463476333,Opel Zafira,Opel Zafira,LIFE/75kWh/L3/BUSINESS/9-SETER/CRUISE/R.KAM/XENON/NAVI,LIFE/75kWh/L3/BUSINESS/9-SETER/CRUISE/R.KAM/XENON/NAVI,429900,2023,39520,9,Opel Zafira-e Life,XL/L3,high,El,Forhjulsdrift,68,312,136,1000,Annet,Personbil,TRUE,FALSE,FALSE,FALSE,TRUE,TRUE,TRUE,NA,31.03.2023,Nybilgaranti,22,100000,Hvit,Steinkjer,NA,NA,64.007125,11.494524,Slatlem Steinkjer AS,"13. mai 2026, 14:34 Referanse 86370e99-746d-451a-8818-23d0a6076de2 Del annonsen Rapporter annonse",TRUE,FALSE,TRUE,FINN HTML definition list + SEO structured data,deterministic keyword parser,data/raw/html/item_463476333.html,https://www.finn.no/mobility/item/463476333,Opel Zafira e-Life,1,9,Opel,Zafira,429900,Bruktbil til salgs: Opel Zafira - 2023 - Hvit - 136 hk - Annet | FINN.no,NA,422 395 kr,7 505 kr (avgifter),136 hk,39 520 km,68 kWh,NA,Automat,1 000 kg,2 086 kg,6,NA,Norge,NA,EF66815,Bruktbil til salgs,2086,NA,NA,422395,75,520,20016,20343,Zafira
450759876,Opel Zafira,Opel Zafira,NORSK GS L3 75KWH 8 SETER ACC CARPLAY MYOPEL APP KAMERA,NORSK GS L3 75KWH 8 SETER ACC CARPLAY MYOPEL APP KAMERA,599000,2025,5350,8,Opel Zafira-e Life,XL/L3,high,El,Forhjulsdrift,75,350,136,1000,Flerbruksbil,Personbil,FALSE,FALSE,FALSE,TRUE,TRUE,TRUE,TRUE,1,04.06.2025,Nybilgaranti,49,NA,Svart,Stavanger,NA,NA,58.904326,5.693391,Sven Kvia AS,"1. mai 2026, 19:43 Referanse S5776 Del annonsen Rapporter annonse",TRUE,FALSE,TRUE,FINN HTML definition list + SEO structured data,deterministic keyword parser,data/raw/html/item_450759876.html,https://www.finn.no/mobility/item/450759876,Opel Zafira e-Life,1,10,Opel,Zafira,599000,Bruktbil til salgs: Opel Zafira - 2025 - Svart - 136 hk - Flerbruksbil | FINN.no,NA,591 495 kr,7 505 kr (avgifter),136 hk,5 350 km,75 kWh,NA,Automat,1 000 kg,2 303 kg,5,980 L,Norge,NA,EN66914,Bruktbil til salgs,2303,980,NA,591495,75,350,20012,20196,Zafira
459764946,Peugeot Expert,Peugeot Expert,TRAVELLER / KROK / 360 KAMERA / NAVI / HUD / CC+++++,TRAVELLER / KROK / 360 KAMERA / NAVI / HUD / CC+++++,289000,2021,29000,6,NA,NA,high,El,Forhjulsdrift,NA,214,136,1000,Flerbruksbil,Personbil,TRUE,TRUE,TRUE,TRUE,TRUE,TRUE,TRUE,NA,25.05.2021,Nybilgaranti fra 1. gang reg.,NA,NA,Grå,Kleppe,4352,Agder,58.772961202202644,5.631066521502018,Kyvik Auto AS,"11. mai 2026, 14:10 Referanse 5235 Del annonsen Rapporter annonse",FALSE,NA,TRUE,FINN HTML definition list + SEO structured data,deterministic keyword parser,data/raw/html/item_459764946.html,https://www.finn.no/mobility/item/459764946,Peugeot e-Traveller,1,1,Peugeot,Expert,289000,Bruktbil til salgs: Peugeot Expert - 2021 - Grå - 136 hk - Flerbruksbil | FINN.no,NA,284 468 kr,4 532 kr (avgifter),136 hk,29 000 km,NA,NA,Automat,1 000 kg,2 136 kg,5,NA,Norge,NA,ED70854,Bruktbil til salgs,2136,NA,NA,284468,NA,0,20012,20202,Expert
459072453,Peugeot Expert,Peugeot Expert,EXCLUSIVE 8-SETER 2.0 HDi 150HK/SKINN/PANO/LED/NAVI+++,EXCLUSIVE 8-SETER 2.0 HDi 150HK/SKINN/PANO/LED/NAVI+++,319800,2018,164000,8,NA,NA,high,Diesel,Forhjulsdrift,NA,0,150,2300,Flerbruksbil,Personbil,FALSE,TRUE,FALSE,TRUE,TRUE,TRUE,TRUE,NA,23.04.2018,Bruktbilgaranti 50/50,3,3000,Grå,Sandnes,NA,NA,58.801519,5.730079,Broom Bil AS,"27. april 2026, 15:59 Referanse 4984 Del annonsen Rapporter annonse",FALSE,FALSE,FALSE,FINN HTML definition list + SEO structured data,deterministic keyword parser,data/raw/html/item_459072453.html,https://www.finn.no/mobility/item/459072453,Peugeot e-Traveller,1,2,Peugeot,Expert,319800,Bruktbil til salgs: Peugeot Expert - 2018 - Grå - 150 hk - Flerbruksbil | FINN.no,NA,315 268 kr,4 532 kr (avgifter),150 hk,164 000 km,NA,NA,Manuell,2 300 kg,1 630 kg,5,NA,Norge,NA,KB48132,Bruktbil til salgs,1630,NA,NA,315268,NA,0,20012,20195,Expert
459723398,Peugeot e-Traveller,Peugeot e-Traveller,8 Seter / 330km / Skinn / Pano / ACC / HUD / Massasje +,8 Seter / 330km / Skinn / Pano / ACC / HUD / Massasje +,329900,2021,105000,8,Peugeot e-Traveller,NA,high,El,Forhjulsdrift,75,330,136,1000,Flerbruksbil,Personbil,FALSE,TRUE,TRUE,TRUE,TRUE,TRUE,TRUE,NA,18.10.2021,garanti etter avtale (se annonsetekst - fra/maks),6,300000,Grå,Jessheim,2050,Akershus,60.13836310969308,11.166250045170658,Car4Sale AS,"12. mai 2026, 12:24 Referanse 13585 Del annonsen Rapporter annonse",TRUE,FALSE,TRUE,FINN HTML definition list + SEO structured data,deterministic keyword parser,data/raw/html/item_459723398.html,https://www.finn.no/mobility/item/459723398,Peugeot e-Traveller,1,3,Peugeot,e-Traveller,329900,Bruktbil til salgs: Peugeot e-Traveller - 2021 - Grå - 136 hk - Flerbruksbil | FINN.no,NA,325 368 kr,4 532 kr (avgifter),136 hk,105 000 km,75 kWh,NA,Automat,1 000 kg,2 327 kg,5,NA,Norge,NA,NA,Bruktbil til salgs,2327,NA,NA,325368,75,330,20003,20056,e-Traveller
460798037,Peugeot e-Traveller,Peugeot e-Traveller,L2 Allure 75kWt,L2 Allure 75kWt,339532,2021,74000,8,Peugeot e-Traveller,M/L2,high,El,Forhjulsdrift,75,330,136,1000,Flerbruksbil,Personbil,TRUE,FALSE,TRUE,TRUE,TRUE,TRUE,TRUE,1,10.06.2021,Nybilgaranti,1,100000,Svart,Ålesund,6006,Møre og Romsdal/Vestland,62.465498273865634,6.113798689248467,NA,"13. mai 2026, 13:51 Del annonsen Rapporter annonse",TRUE,FALSE,TRUE,FINN HTML definition list + SEO structured data,deterministic keyword parser,data/raw/html/item_460798037.html,https://www.finn.no/mobility/item/460798037,Peugeot e-Traveller,1,4,Peugeot,e-Traveller,339532,Bruktbil til salgs: Peugeot e-Traveller - 2021 - Svart - 136 hk - Flerbruksbil | FINN.no,NA,335 000 kr,4 532 kr (avgifter),136 hk,74 000 km,75 kWh,NA,Automat,1 000 kg,2 065 kg,5,603 L,Norge,10.06.2027,EC58941,Bruktbil til salgs,2065,603,NA,335000,75,0,20015,20282,e-Traveller
458788597,Peugeot e-Traveller,Peugeot e-Traveller,L2 Allure 75kWt,L2 Allure 75kWt,339532,2021,135000,8,Peugeot e-Traveller,M/L2,high,El,Forhjulsdrift,75,330,136,1000,Flerbruksbil,Personbil,TRUE,FALSE,TRUE,TRUE,TRUE,TRUE,TRUE,2,24.02.2021,NA,NA,NA,Grå,Sandstad,7246,Trøndelag/Nordland,63.48420020046555,8.84470505183124,NA,"5. mai 2026, 22:56 Del annonsen Rapporter annonse",TRUE,FALSE,TRUE,FINN HTML definition list + SEO structured data,deterministic keyword parser,data/raw/html/item_458788597.html,https://www.finn.no/mobility/item/458788597,Peugeot e-Traveller,1,5,Peugeot,e-Traveller,339532,Bruktbil til salgs: Peugeot e-Traveller - 2021 - Grå - 136 hk - Flerbruksbil | FINN.no,NA,335 000 kr,4 532 kr (avgifter),136 hk,135 000 km,75 kWh,NA,Automat,1 000 kg,2 065 kg,5,603 L,Norge,24.02.2027,EC32142,Bruktbil til salgs,2065,603,NA,335000,75,0,20016,20321,e-Traveller
463472940,Peugeot e-Traveller,Peugeot e-Traveller,Allure / 7-SETER / SKINN / RYGGEKAMERA / GLASSTAK /,Allure / 7-SETER / SKINN / RYGGEKAMERA / GLASSTAK /,349000,2021,70000,7,Peugeot e-Traveller,NA,high,El,Forhjulsdrift,68,302,136,1000,Flerbruksbil,Personbil,TRUE,FALSE,FALSE,TRUE,TRUE,TRUE,TRUE,NA,24.03.2021,NA,NA,NA,Brun,Sarpsborg,NA,NA,59.28581,11.081107,Bertel O. Steen Sarpsborg,"13. mai 2026, 14:01 Referanse 5211ff2a-1e26-4647-a86b-98c75762263a Del annonsen Rapporter annonse",TRUE,FALSE,TRUE,FINN HTML definition list + SEO structured data,deterministic keyword parser,data/raw/html/item_463472940.html,https://www.finn.no/mobility/item/463472940,Peugeot e-Traveller,1,6,Peugeot,e-Traveller,349000,Bruktbil til salgs: Peugeot e-Traveller - 2021 - Brun - 136 hk - Flerbruksbil | FINN.no,NA,344 468 kr,4 532 kr (avgifter),136 hk,70 000 km,68 kWh,NA,Automat,1 000 kg,2 314 kg,6,2 381 L,Norge,NA,EC33852,Bruktbil til salgs,2314,2381,NA,344468,75,0,20002,20023,e-Traveller
463471877,Peugeot e-Traveller,Peugeot e-Traveller,Allure / 8-SETER / SKINN / RYGGEKAMERA / GLASSTAK /,Allure / 8-SETER / SKINN / RYGGEKAMERA / GLASSTAK /,349000,2021,63900,8,Peugeot e-Traveller,NA,high,El,Forhjulsdrift,68,311,136,1000,Flerbruksbil,Personbil,TRUE,TRUE,TRUE,TRUE,TRUE,TRUE,TRUE,NA,10.05.2021,NA,NA,NA,Grå,Sarpsborg,NA,NA,59.28581,11.081107,Bertel O. Steen Sarpsborg,"13. mai 2026, 14:41 Referanse e7a20148-0fa8-4f9c-879a-15e1cfac1be3 Del annonsen Rapporter annonse",TRUE,FALSE,TRUE,FINN HTML definition list + SEO structured data,deterministic keyword parser,data/raw/html/item_463471877.html,https://www.finn.no/mobility/item/463471877,Peugeot e-Traveller,1,7,Peugeot,e-Traveller,349000,Bruktbil til salgs: Peugeot e-Traveller - 2021 - Grå - 136 hk - Flerbruksbil | FINN.no,NA,344 468 kr,4 532 kr (avgifter),136 hk,63 900 km,68 kWh,NA,Automat,1 000 kg,2 092 kg,6,2 381 L,Norge,NA,EC49592,Bruktbil til salgs,2092,2381,NA,344468,75,900,20002,20023,e-Traveller
462879973,Peugeot e-Traveller,Peugeot e-Traveller,75 kWh L3 8 seter BIS | SKINN| EL.DØRER|,75 kWh L3 8 seter BIS | SKINN| EL.DØRER|,349000,2021,79800,8,Peugeot e-Traveller,XL/L3,high,El,Forhjulsdrift,75,350,0,1000,Flerbruksbil,Personbil,FALSE,TRUE,TRUE,TRUE,TRUE,TRUE,TRUE,2,13.09.2021,Bruktbilgaranti,3,3000,Grå,Rissa,NA,NA,63.582549,9.954368,Leira Bil AS / Sannan Bil AS,"8. mai 2026, 16:37 Del annonsen Rapporter annonse",TRUE,FALSE,TRUE,FINN HTML definition list + SEO structured data,deterministic keyword parser,data/raw/html/item_462879973.html,https://www.finn.no/mobility/item/462879973,Peugeot e-Traveller,1,8,Peugeot,e-Traveller,349000,Bruktbil til salgs: Peugeot e-Traveller - 2021 - Grå - Flerbruksbil | FINN.no,NA,344 468 kr,4 532 kr (avgifter),0 hk,79 800 km,75 kWh,NA,Automat,1 000 kg,2 322 kg,5,703 L,Norge,NA,EC29237,Bruktbil til salgs,2322,703,NA,344468,75,800,20016,20325,e-Traveller
461145531,Peugeot Traveller,Peugeot Traveller,2.0 177HK Exclusive 8.Seter/Krok/Massasje/Pano/Hud/Navi,2.0 177HK Exclusive 8.Seter/Krok/Massasje/Pano/Hud/Navi,349000,2017,172215,8,NA,NA,high,Diesel,Forhjulsdrift,NA,215,177,2000,Flerbruksbil,Personbil,TRUE,TRUE,TRUE,TRUE,TRUE,TRUE,TRUE,NA,20.06.2017,Fragus Mobility Complete,12,200000,Svart,Hokksund,NA,NA,59.769307,9.901461,Hokksund Auto AS,"6. mai 2026, 14:46 Referanse 3476 Del annonsen Rapporter annonse",FALSE,FALSE,FALSE,FINN HTML definition list + SEO structured data,deterministic keyword parser,data/raw/html/item_461145531.html,https://www.finn.no/mobility/item/461145531,Peugeot e-Traveller,1,9,Peugeot,Traveller,349000,Bruktbil til salgs: Peugeot Traveller - 2017 - Svart - 177 hk - Flerbruksbil | FINN.no,NA,344 468 kr,4 532 kr (avgifter),177 hk,172 215 km,NA,NA,Automat,2 000 kg,1 655 kg,5,NA,Norge,NA,UF76632,Bruktbil til salgs,1655,NA,NA,344468,NA,215,20007,20123,Traveller
460911550,Peugeot e-Traveller,Peugeot e-Traveller,"136 hk | L2 | 9 seter | 30,5 mil WLP | H-feste |","136 hk | L2 | 9 seter | 30,5 mil WLP | H-feste |",379000,2021,61000,9,Peugeot e-Traveller,M/L2,base,El,Forhjulsdrift,NA,305,136,1000,Flerbruksbil,Personbil,TRUE,FALSE,FALSE,FALSE,FALSE,TRUE,TRUE,NA,03.04.2021,Nybilgaranti fra 1. gang reg.,60,100000,Hvit,Øvrebø,NA,NA,58.296079,7.835082,DBBIL AS,"22. april 2026, 14:42 Referanse 3239 Del annonsen Rapporter annonse",TRUE,FALSE,TRUE,FINN HTML definition list + SEO structured data,deterministic keyword parser,data/raw/html/item_460911550.html,https://www.finn.no/mobility/item/460911550,Peugeot e-Traveller,1,10,Peugeot,e-Traveller,379000,Bruktbil til salgs: Peugeot e-Traveller - 2021 - Hvit - 136 hk - Flerbruksbil | FINN.no,NA,374 468 kr,4 532 kr (avgifter),136 hk,61 000 km,NA,NA,Automat,1 000 kg,2 375 kg,5,NA,Norge,NA,EC40924,Bruktbil til salgs,2375,NA,NA,374468,NA,0,22042,20183,e-Traveller
455979534,Peugeot e-Traveller,Peugeot e-Traveller,L3 75 kWt Lane Assist/Fjernlysassistent/R.kamera,L3 75 kWt Lane Assist/Fjernlysassistent/R.kamera,389000,2022,54500,9,Peugeot e-Traveller,XL/L3,high,El,Forhjulsdrift,68,314,136,1000,Kasse,Personbil,TRUE,FALSE,FALSE,FALSE,TRUE,TRUE,TRUE,NA,25.11.2022,Bruktbilgaranti,12,12000,Grå,Askim,NA,NA,59.576943,11.211077,Andresen Bil Askim,"28. april 2026, 11:56 Referanse 5aa69ea7-71d3-43b1-a578-539819a6a3f6 Del annonsen Rapporter annonse",TRUE,FALSE,TRUE,FINN HTML definition list + SEO structured data,deterministic keyword parser,data/raw/html/item_455979534.html,https://www.finn.no/mobility/item/455979534,Peugeot e-Traveller,1,11,Peugeot,e-Traveller,389000,Bruktbil til salgs: Peugeot e-Traveller - 2022 - Grå - 136 hk - Kasse | FINN.no,NA,384 468 kr,4 532 kr (avgifter),136 hk,54 500 km,68 kWh,NA,Automat,1 000 kg,2 086 kg,6,2 381 L,Norge,NA,EE80741,Bruktbil til salgs,2086,2381,NA,384468,75,500,20002,22103,e-Traveller
462910944,Peugeot e-Traveller,Peugeot e-Traveller,75 kWh Aut 8 SETER 2 El.Skyved/R.kam Skinn Pano Masasje,75 kWh Aut 8 SETER 2 El.Skyved/R.kam Skinn Pano Masasje,399532,2021,69575,8,Peugeot e-Traveller,NA,high,El,Forhjulsdrift,75,311,136,1000,Flerbruksbil,Personbil,FALSE,TRUE,TRUE,TRUE,TRUE,TRUE,TRUE,NA,05.05.2021,NA,NA,NA,Svart,Oslo,0570,Oslo,59.93169640312724,10.778703049453599,OSLO AUTOSALG AS,"13. mai 2026, 03:46 Referanse 914 Del annonsen Rapporter annonse",TRUE,FALSE,TRUE,FINN HTML definition list + SEO structured data,deterministic keyword parser,data/raw/html/item_462910944.html,https://www.finn.no/mobility/item/462910944,Peugeot e-Traveller,1,12,Peugeot,e-Traveller,399532,Bruktbil til salgs: Peugeot e-Traveller - 2021 - Svart - 136 hk - Flerbruksbil | FINN.no,NA,395 000 kr,4 532 kr (avgifter),136 hk,69 575 km,NA,NA,Automat,1 000 kg,2 327 kg,NA,NA,Norge,NA,NA,Bruktbil til salgs,2327,NA,NA,395000,75,575,20061,20456,e-Traveller
463442469,Peugeot Traveller,Peugeot Traveller,136hk | 313km | L2 | 8 Seter | Kamera | Nybilgaranti,136hk | 313km | L2 | 8 Seter | Kamera | Nybilgaranti,399900,2021,24373,8,NA,M/L2,high,El,Forhjulsdrift,NA,313,136,1000,Flerbruksbil,Personbil,TRUE,FALSE,FALSE,FALSE,TRUE,TRUE,TRUE,1,19.10.2021,Nybilgaranti fra 1. gang reg.,60,100000,Grå,Lillestrøm,NA,Akershus,59.962387,11.047531,Autotal Akershus AS,"13. mai 2026, 09:07 Referanse 2546 Del annonsen Rapporter annonse",FALSE,NA,TRUE,FINN HTML definition list + SEO structured data,deterministic keyword parser,data/raw/html/item_463442469.html,https://www.finn.no/mobility/item/463442469,Peugeot e-Traveller,1,13,Peugeot,Traveller,399900,Bruktbil til salgs: Peugeot Traveller - 2021 - Grå - 136 hk - Flerbruksbil | FINN.no,NA,395 368 kr,4 532 kr (avgifter),136 hk,24 373 km,NA,NA,Automat,1 000 kg,2 300 kg,5,NA,Norge,NA,NA,Bruktbil til salgs,2300,NA,NA,395368,NA,313,20003,22105,Traveller
426629986,Peugeot e-Traveller,Peugeot e-Traveller,75 kWh Aut 8 SETER 2 El.Skyved/R.kam Skinn Pano Masasje,75 kWh Aut 8 SETER 2 El.Skyved/R.kam Skinn Pano Masasje,429918,2021,38778,8,Peugeot e-Traveller,NA,high,El,Forhjulsdrift,75,313,136,1000,Flerbruksbil,Personbil,TRUE,TRUE,TRUE,TRUE,TRUE,TRUE,TRUE,NA,27.04.2021,NA,NA,NA,Grå,Oslo,0570,Oslo,59.93169640312724,10.778703049453599,OSLO AUTOSALG AS,"8. mai 2026, 20:54 Referanse 910 Del annonsen Rapporter annonse",TRUE,FALSE,TRUE,FINN HTML definition list + SEO structured data,deterministic keyword parser,data/raw/html/item_426629986.html,https://www.finn.no/mobility/item/426629986,Peugeot e-Traveller,1,14,Peugeot,e-Traveller,429918,Bruktbil til salgs: Peugeot e-Traveller - 2021 - Grå - 136 hk - Flerbruksbil | FINN.no,NA,425 000 kr,4 918 kr (avgifter),136 hk,38 778 km,NA,NA,Automat,1 000 kg,2 295 kg,NA,NA,Norge,NA,NA,Bruktbil til salgs,2295,NA,NA,425000,75,778,20061,20456,e-Traveller
459872339,Peugeot Expert,Peugeot Expert,2.0D 163HK TEPEE TRAVELLER 9-SETER MANUELL KROK NORSK++,2.0D 163HK TEPEE TRAVELLER 9-SETER MANUELL KROK NORSK++,99900,2012,216000,9,Peugeot e-Traveller,NA,base,Diesel,Forhjulsdrift,NA,0,163,2000,Flerbruksbil,Personbil,TRUE,FALSE,FALSE,FALSE,FALSE,TRUE,TRUE,NA,30.05.2012,Ingen garanti,NA,NA,Grå,Hønefoss,NA,NA,60.177987,10.268199,Importservice Bil AS,"14. april 2026, 11:46 Referanse 6717 Del annonsen Rapporter annonse",FALSE,FALSE,FALSE,FINN HTML definition list + SEO structured data,deterministic keyword parser,data/raw/html/item_459872339.html,https://www.finn.no/mobility/item/459872339,Peugeot Traveller elektrisk,1,1,Peugeot,Expert,99900,Bruktbil til salgs: Peugeot Expert - 2012 - Grå - 163 hk - Flerbruksbil | FINN.no,NA,97 958 kr,1 942 kr (avgifter),163 hk,216 000 km,NA,NA,Manuell,2 000 kg,2 017 kg,5,NA,Norge,NA,UX61697,Bruktbil til salgs,2017,NA,NA,97958,NA,0,20007,20112,Expert
411196589,Peugeot Traveller,Peugeot Traveller,"Allure L3 2,0 BlueHDI 150hk","Allure L3 2,0 BlueHDI 150hk",184434,2019,254642,8,NA,XL/L3,high,Diesel,Forhjulsdrift,NA,642,150,2500,Flerbruksbil,Personbil,TRUE,FALSE,TRUE,FALSE,TRUE,TRUE,TRUE,1,24.01.2019,NA,NA,NA,Grå,Liland,8534,Nordland,68.48110174305607,16.88879066112573,NA,"24. april 2026, 18:02 Del annonsen Rapporter annonse",FALSE,FALSE,FALSE,FINN HTML definition list + SEO structured data,deterministic keyword parser,data/raw/html/item_411196589.html,https://www.finn.no/mobility/item/411196589,Peugeot Traveller elektrisk,1,2,Peugeot,Traveller,184434,Bruktbil til salgs: Peugeot Traveller - 2019 - Grå - 150 hk - Flerbruksbil | FINN.no,NA,180 000 kr,4 434 kr (avgifter),150 hk,254 642 km,NA,NA,Manuell,2 500 kg,1 759 kg,5,912 L,Norge,06.10.2025,ZA20009,Bruktbil til salgs,1759,912,NA,180000,NA,642,20018,20399,Traveller
459360169,Peugeot Traveller,Peugeot Traveller,120HK EXCLUSIVE 9-SETER LANG SKINN KROK NORSK BIL++,120HK EXCLUSIVE 9-SETER LANG SKINN KROK NORSK BIL++,339000,2018,137000,9,NA,XL/L3,high,Diesel,Forhjulsdrift,NA,0,120,1800,Flerbruksbil,Personbil,TRUE,TRUE,FALSE,TRUE,TRUE,TRUE,TRUE,NA,14.12.2018,Garanti 3 mnd.,3,3000,Grå,Hønefoss,NA,NA,60.177987,10.268199,Importservice Bil AS,"10. april 2026, 15:34 Referanse 6793 Del annonsen Rapporter annonse",FALSE,FALSE,FALSE,FINN HTML definition list + SEO structured data,deterministic keyword parser,data/raw/html/item_459360169.html,https://www.finn.no/mobility/item/459360169,Peugeot Traveller elektrisk,1,6,Peugeot,Traveller,339000,Bruktbil til salgs: Peugeot Traveller - 2018 - Grå - 120 hk - Flerbruksbil | FINN.no,NA,334 468 kr,4 532 kr (avgifter),120 hk,137 000 km,NA,NA,Manuell,1 800 kg,1 660 kg,5,NA,Norge,NA,JV29697,Bruktbil til salgs,1660,NA,NA,334468,NA,0,20007,20112,Traveller
462859014,Peugeot Expert,Peugeot Expert,Traveller 2.0 177HK 8 Seter / Aut / R.Kam / Krok / Weba,Traveller 2.0 177HK 8 Seter / Aut / R.Kam / Krok / Weba,359000,2018,100669,8,NA,NA,high,Diesel,Forhjulsdrift,NA,669,177,2000,NA,Personbil,TRUE,TRUE,TRUE,TRUE,TRUE,TRUE,TRUE,NA,23.03.2018,Bruktbilgaranti 50/50,3,3000,Grå,Figgjo,NA,NA,58.78036,5.827479,Autosenter Sandnes AS,"8. mai 2026, 13:27 Referanse 5577 Del annonsen Rapporter annonse",FALSE,FALSE,FALSE,FINN HTML definition list + SEO structured data,deterministic keyword parser,data/raw/html/item_462859014.html,https://www.finn.no/mobility/item/462859014,Peugeot Traveller elektrisk,1,13,Peugeot,Expert,359000,Bruktbil til salgs: Peugeot Expert - 2018 - Grå - 177 hk | FINN.no,NA,354 468 kr,4 532 kr (avgifter),177 hk,100 669 km,NA,NA,Automat,2 000 kg,1 655 kg,NA,NA,Norge,NA,NA,Bruktbil til salgs,1655,NA,NA,354468,NA,669,20012,20195,Expert
455966866,Peugeot Expert,Peugeot Expert,"180 hk diesel, 2 tonn hengervekt!","180 hk diesel, 2 tonn hengervekt!",359000,2017,166000,8,NA,NA,base,Diesel,Forhjulsdrift,NA,0,176,2000,Annet,Personbil,TRUE,FALSE,FALSE,FALSE,FALSE,TRUE,TRUE,NA,03.02.2017,Bruktbilgaranti,3,3000,Brun,Verdal,NA,NA,63.785831,11.459296,Bertel O. Steen Verdal,"11. mai 2026, 15:04 Referanse dfee08b5-56a8-4e45-9aae-d2fb5b22cc0c Del annonsen Rapporter annonse",FALSE,FALSE,FALSE,FINN HTML definition list + SEO structured data,deterministic keyword parser,data/raw/html/item_455966866.html,https://www.finn.no/mobility/item/455966866,Peugeot Traveller elektrisk,1,14,Peugeot,Expert,359000,Bruktbil til salgs: Peugeot Expert - 2017 - Brun - 176 hk - Annet | FINN.no,NA,354 468 kr,4 532 kr (avgifter),176 hk,166 000 km,NA,NA,Automat,2 000 kg,1 655 kg,6,NA,Norge,NA,XK26194,Bruktbil til salgs,1655,NA,NA,354468,NA,0,20016,20350,Expert
462602566,Peugeot Traveller,Peugeot Traveller,177HK | Auto | 8 Seter| Ny service+Reg reim | Garanti*,177HK | Auto | 8 Seter| Ny service+Reg reim | Garanti*,379900,2017,157900,8,NA,NA,high,Diesel,Forhjulsdrift,NA,900,177,2000,Flerbruksbil,Personbil,TRUE,FALSE,TRUE,FALSE,TRUE,TRUE,TRUE,NA,28.04.2017,Bruktbilgaranti,12,200000,Grå,Oppdal,NA,NA,62.586181,9.691912,Autotal AS,"6. mai 2026, 09:31 Referanse 9789 Del annonsen Rapporter annonse",FALSE,FALSE,FALSE,FINN HTML definition list + SEO structured data,deterministic keyword parser,data/raw/html/item_462602566.html,https://www.finn.no/mobility/item/462602566,Peugeot Traveller elektrisk,1,16,Peugeot,Traveller,379900,Bruktbil til salgs: Peugeot Traveller - 2017 - Grå - 177 hk - Flerbruksbil | FINN.no,NA,375 368 kr,4 532 kr (avgifter),177 hk,157 900 km,NA,NA,Automat,2 000 kg,1 655 kg,NA,NA,Norge,NA,NA,Bruktbil til salgs,1655,NA,NA,375368,NA,900,20016,20330,Traveller
456255406,Peugeot Traveller,Peugeot Traveller,L3 9-seter 177hk aut Hengerfeste/Lane Assist/R.kamera,L3 9-seter 177hk aut Hengerfeste/Lane Assist/R.kamera,449000,2021,82900,9,NA,XL/L3,high,Diesel,Forhjulsdrift,NA,900,177,2300,Kasse,Personbil,TRUE,FALSE,FALSE,FALSE,TRUE,TRUE,TRUE,NA,27.12.2021,Nybilgaranti,9,100000,Beige,Askim,NA,NA,59.576943,11.211077,Andresen Bil Askim,"19. mars 2026, 12:13 Referanse cc679f6c-b3eb-40d2-b6e1-9563b882caac Del annonsen Rapporter annonse",FALSE,FALSE,FALSE,FINN HTML definition list + SEO structured data,deterministic keyword parser,data/raw/html/item_456255406.html,https://www.finn.no/mobility/item/456255406,Peugeot Traveller elektrisk,1,20,Peugeot,Traveller,449000,Bruktbil til salgs: Peugeot Traveller - 2021 - Beige - 177 hk - Kasse | FINN.no,NA,444 468 kr,4 532 kr (avgifter),177 hk,82 900 km,NA,NA,Automat,2 300 kg,1 838 kg,6,2 381 L,Norge,NA,BE29755,Bruktbil til salgs,1838,2381,NA,444468,NA,900,20002,22103,Traveller
450716896,Peugeot Traveller,Peugeot Traveller,L3 aut 9-seter/Hengerfeste/R.kamera/,L3 aut 9-seter/Hengerfeste/R.kamera/,449000,2021,81700,9,NA,XL/L3,high,Diesel,Forhjulsdrift,NA,700,177,2300,Kasse,Personbil,TRUE,FALSE,FALSE,FALSE,TRUE,TRUE,TRUE,NA,27.12.2021,Nybilgaranti,9,100000,Grå,Askim,NA,NA,59.576943,11.211077,Andresen Bil Askim,"19. mars 2026, 12:32 Referanse 471c2912-26d9-45c9-b3da-2161eed5b9b4 Del annonsen Rapporter annonse",FALSE,FALSE,FALSE,FINN HTML definition list + SEO structured data,deterministic keyword parser,data/raw/html/item_450716896.html,https://www.finn.no/mobility/item/450716896,Peugeot Traveller elektrisk,1,21,Peugeot,Traveller,449000,Bruktbil til salgs: Peugeot Traveller - 2021 - Grå - 177 hk - Kasse | FINN.no,NA,444 468 kr,4 532 kr (avgifter),177 hk,81 700 km,NA,NA,Automat,2 300 kg,1 838 kg,6,2 381 L,Norge,NA,BE29756,Bruktbil til salgs,1838,2381,NA,444468,NA,700,20002,22103,Traveller
448061643,Peugeot Traveller,Peugeot Traveller,L3 9-seter aut Hengerfeste/Ryggekamera/Lane Assist/,L3 9-seter aut Hengerfeste/Ryggekamera/Lane Assist/,469000,2021,78800,9,NA,XL/L3,high,Diesel,Forhjulsdrift,NA,800,177,2300,Kasse,Personbil,TRUE,FALSE,FALSE,FALSE,TRUE,TRUE,TRUE,NA,27.12.2021,Bruktbilgaranti,12,12000,Grå,Askim,NA,NA,59.576943,11.211077,Andresen Bil Askim,"26. januar 2026, 13:52 Referanse 93b73760-7ff9-4b53-aea7-11970bffe2a3 Del annonsen Rapporter annonse",FALSE,FALSE,FALSE,FINN HTML definition list + SEO structured data,deterministic keyword parser,data/raw/html/item_448061643.html,https://www.finn.no/mobility/item/448061643,Peugeot Traveller elektrisk,1,22,Peugeot,Traveller,469000,Bruktbil til salgs: Peugeot Traveller - 2021 - Grå - 177 hk - Kasse | FINN.no,NA,464 468 kr,4 532 kr (avgifter),177 hk,78 800 km,NA,NA,Automat,2 300 kg,1 838 kg,6,2 381 L,Norge,NA,BE29759,Bruktbil til salgs,1838,2381,NA,464468,NA,800,20002,22103,Traveller
454795933,Peugeot Traveller,Peugeot Traveller,177 hk Automat L2 Business 9-seter Ny service og EU,177 hk Automat L2 Business 9-seter Ny service og EU,489900,2020,23498,9,NA,M/L2,high,Diesel,Forhjulsdrift,NA,498,177,2500,Flerbruksbil,Personbil,TRUE,FALSE,FALSE,TRUE,TRUE,TRUE,TRUE,NA,31.08.2020,Fragus GOSafe Complete,12,150000,Grå,Lørenskog,NA,Akershus,59.930121,10.949297,BIL M AS,"8. april 2026, 12:11 Referanse 4096 Del annonsen Rapporter annonse",FALSE,FALSE,FALSE,FINN HTML definition list + SEO structured data,deterministic keyword parser,data/raw/html/item_454795933.html,https://www.finn.no/mobility/item/454795933,Peugeot Traveller elektrisk,1,23,Peugeot,Traveller,489900,Bruktbil til salgs: Peugeot Traveller - 2020 - Grå - 177 hk - Flerbruksbil | FINN.no,NA,485 368 kr,4 532 kr (avgifter),177 hk,23 498 km,NA,NA,Automat,2 500 kg,1 974 kg,NA,NA,Norge,NA,YT75096,Bruktbil til salgs,1974,NA,NA,485368,NA,498,20003,20052,Traveller
444033754,Peugeot Traveller,Peugeot Traveller,"177HK, L2, GLASSTAK, H.FESTE, SKINN, HEAD-UP","177HK, L2, GLASSTAK, H.FESTE, SKINN, HEAD-UP",529000,2021,85500,8,NA,M/L2,high,Diesel,Forhjulsdrift,NA,500,177,2300,Flerbruksbil,Personbil,TRUE,TRUE,TRUE,TRUE,TRUE,TRUE,TRUE,NA,11.03.2021,Bruktbilgaranti (6mnd/6000km),6,6000,Brun,Kokstad,NA,NA,60.296732,5.253753,Bertel O. Steen Kokstad,"13. mai 2026, 16:27 Referanse 551ebbd8-7686-4d47-8f32-9998aad23e8b Del annonsen Rapporter annonse",FALSE,FALSE,FALSE,FINN HTML definition list + SEO structured data,deterministic keyword parser,data/raw/html/item_444033754.html,https://www.finn.no/mobility/item/444033754,Peugeot Traveller elektrisk,1,24,Peugeot,Traveller,529000,Bruktbil til salgs: Peugeot Traveller - 2021 - Brun - 177 hk - Flerbruksbil | FINN.no,NA,524 468 kr,4 532 kr (avgifter),177 hk,85 500 km,NA,NA,Automat,2 300 kg,1 838 kg,6,2 381 L,Norge,NA,SX18910,Bruktbil til salgs,1838,2381,NA,524468,NA,500,22046,20220,Traveller
457323175,Peugeot Traveller,Peugeot Traveller,L3 aut 9-sete Cruisekontroll/AutoFjernlys/Lane Assist,L3 aut 9-sete Cruisekontroll/AutoFjernlys/Lane Assist,539000,2022,51200,9,NA,XL/L3,base,Diesel,Forhjulsdrift,NA,200,144,1900,Flerbruksbil,Personbil,TRUE,FALSE,FALSE,FALSE,FALSE,TRUE,TRUE,NA,10.10.2022,Nybilgaranti,19,100000,Grå,Askim,NA,NA,59.576943,11.211077,Andresen Bil Askim,"25. mars 2026, 15:44 Referanse 70d11515-279c-446d-848d-db014930f719 Del annonsen Rapporter annonse",FALSE,FALSE,FALSE,FINN HTML definition list + SEO structured data,deterministic keyword parser,data/raw/html/item_457323175.html,https://www.finn.no/mobility/item/457323175,Peugeot Traveller elektrisk,1,25,Peugeot,Traveller,539000,Bruktbil til salgs: Peugeot Traveller - 2022 - Grå - 144 hk - Flerbruksbil | FINN.no,NA,534 468 kr,4 532 kr (avgifter),144 hk,51 200 km,NA,NA,Automat,1 900 kg,1 764 kg,6,2 381 L,Norge,NA,BE31389,Bruktbil til salgs,1764,2381,NA,534468,NA,200,20002,22103,Traveller
457906888,Toyota Proace City Verso,Toyota Proace City Verso,"Electric,7 seter,Navi,Cruise,Rattvarme,Pdc,App","Electric,7 seter,Navi,Cruise,Rattvarme,Pdc,App",299800,2022,62000,7,NA,NA,high,El,Forhjulsdrift,NA,269,136,NA,Flerbruksbil,Personbil,FALSE,FALSE,TRUE,TRUE,TRUE,TRUE,TRUE,1,29.08.2022,Bruktbilgaranti,24,200000,Svart,Rolvsøy,NA,NA,59.246806,10.987282,Bilsalong 1 AS,"28. april 2026, 12:59 Referanse 3935 Del annonsen Rapporter annonse",FALSE,NA,TRUE,FINN HTML definition list + SEO structured data,deterministic keyword parser,data/raw/html/item_457906888.html,https://www.finn.no/mobility/item/457906888,Toyota Proace Verso Electric,1,1,Toyota,Proace City Verso,299800,Bruktbil til salgs: Toyota Proace City Verso - 2022 - Svart - 136 hk - Flerbruksbil | FINN.no,NA,NA,Fritatt (avgifter),136 hk,62 000 km,NA,NA,Automat,NA,NA,5,NA,Norge,NA,NA,Bruktbil til salgs,NA,NA,NA,NA,NA,0,20002,20024,Proace City Verso
380539848,Toyota Proace Verso,Toyota Proace Verso,Electric Lang Executive Family,Electric Lang Executive Family,319129,2021,134000,8,Toyota Proace Verso Electric,XL/L3,high,El,Forhjulsdrift,75,0,136,1000,Flerbruksbil,Personbil,FALSE,FALSE,TRUE,TRUE,TRUE,TRUE,TRUE,1,26.09.2021,Nybilgaranti,NA,200000,Hvit,Godvik,5179,Rogaland/Vestland,60.37806042296774,5.1985329551003785,Taxi 1 AS,"12. mars 2026, 10:51 Del annonsen Rapporter annonse",TRUE,FALSE,TRUE,FINN HTML definition list + SEO structured data,deterministic keyword parser,data/raw/html/item_380539848.html,https://www.finn.no/mobility/item/380539848,Toyota Proace Verso Electric,1,2,Toyota,Proace Verso,319129,Bruktbil til salgs: Toyota Proace Verso - 2021 - Hvit - 136 hk - Flerbruksbil | FINN.no,NA,312 000 kr,7 129 kr (avgifter),136 hk,134 000 km,75 kWh,NA,Automat,1 000 kg,2 092 kg,5,989 L,Norge,26.05.2026,ED17577,Bruktbil til salgs,2092,989,NA,312000,75,0,22046,20220,Proace Verso
456933969,Toyota Proace Verso,Toyota Proace Verso,Electric Cruise/Navi/Kamera/Dab+,Electric Cruise/Navi/Kamera/Dab+,409000,2024,2100,5,Toyota Proace Verso Electric,NA,high,El,Forhjulsdrift,NA,100,136,1000,NA,Personbil,FALSE,FALSE,FALSE,FALSE,TRUE,TRUE,TRUE,NA,22.02.2024,Nybilgaranti fra 1. gang reg.,60,100000,Svart,Fredrikstad,NA,NA,59.240033,10.982871,Dahles Auto Råbekken,"23. mars 2026, 09:00 Referanse 2962 Del annonsen Rapporter annonse",TRUE,FALSE,TRUE,FINN HTML definition list + SEO structured data,deterministic keyword parser,data/raw/html/item_456933969.html,https://www.finn.no/mobility/item/456933969,Toyota Proace Verso Electric,1,3,Toyota,Proace Verso,409000,Bruktbil til salgs: Toyota Proace Verso - 2024 - Svart - 136 hk | FINN.no,NA,NA,Fritatt (avgifter),136 hk,2 100 km,NA,NA,Automat,1 000 kg,2 092 kg,5,NA,Norge,NA,EP67017,Bruktbil til salgs,2092,NA,NA,NA,NA,100,20002,20024,Proace Verso
460631675,Toyota Proace Verso,Toyota Proace Verso,Family/8-seter -HUD| lav km| massasje,Family/8-seter -HUD| lav km| massasje,409900,2022,19084,8,NA,NA,high,El,Forhjulsdrift,50,217,136,1000,Flerbruksbil,Personbil,FALSE,TRUE,TRUE,TRUE,TRUE,TRUE,TRUE,NA,28.09.2022,Resterende Nybilgaranti,11,200000,Grå,Bodø,NA,NA,67.279154,14.424413,Nordvik AS - Bodø,"11. mai 2026, 09:03 Referanse b951dc61-88f7-48b6-8a4d-32f991aedffe Del annonsen Rapporter annonse",FALSE,NA,TRUE,FINN HTML definition list + SEO structured data,deterministic keyword parser,data/raw/html/item_460631675.html,https://www.finn.no/mobility/item/460631675,Toyota Proace Verso Electric,1,4,Toyota,Proace Verso,409900,Bruktbil til salgs: Toyota Proace Verso - 2022 - Grå - 136 hk - Flerbruksbil | FINN.no,NA,405 368 kr,4 532 kr (avgifter),136 hk,19 084 km,50 kWh,NA,Automat,1 000 kg,1 894 kg,6,900 L,Norge,NA,EE43471,Bruktbil til salgs,1894,900,NA,405368,50,84,20018,20367,Proace Verso
460240451,Toyota Proace Verso,Toyota Proace Verso,Electric 8-Seter ACC/Oppv.ratt/Navi/Kam/Dab+/Krok,Electric 8-Seter ACC/Oppv.ratt/Navi/Kam/Dab+/Krok,529000,2024,2400,8,Toyota Proace Verso Electric,NA,base,El,Forhjulsdrift,NA,316,136,1000,NA,Personbil,TRUE,FALSE,FALSE,FALSE,FALSE,TRUE,TRUE,NA,18.06.2024,Nybilgaranti fra 1. gang reg.,NA,NA,Sølv,Moss,NA,NA,59.415976,10.687152,Dahles Auto Moss AS,"17. april 2026, 13:07 Referanse 4407 Del annonsen Rapporter annonse",TRUE,FALSE,TRUE,FINN HTML definition list + SEO structured data,deterministic keyword parser,data/raw/html/item_460240451.html,https://www.finn.no/mobility/item/460240451,Toyota Proace Verso Electric,1,5,Toyota,Proace Verso,529000,Bruktbil til salgs: Toyota Proace Verso - 2024 - Sølv - 136 hk | FINN.no,NA,NA,Fritatt (avgifter),136 hk,2 400 km,NA,NA,Automat,1 000 kg,2 252 kg,5,NA,Norge,NA,EP85506,Bruktbil til salgs,2252,NA,NA,NA,NA,400,20002,20022,Proace Verso
459852675,Toyota Proace Verso,Toyota Proace Verso,Electric 8-Seter ACC/Oppv.ratt/Navi/Kam/Dab+,Electric 8-Seter ACC/Oppv.ratt/Navi/Kam/Dab+,549000,2024,3500,8,Toyota Proace Verso Electric,NA,high,El,Forhjulsdrift,NA,340,136,1000,NA,Personbil,FALSE,FALSE,FALSE,FALSE,TRUE,TRUE,TRUE,NA,06.06.2024,Nybilgaranti fra 1. gang reg.,60,100000,Grå,Fredrikstad,NA,NA,59.240033,10.982871,Dahles Auto Råbekken,"14. april 2026, 08:59 Referanse 2961 Del annonsen Rapporter annonse",TRUE,FALSE,TRUE,FINN HTML definition list + SEO structured data,deterministic keyword parser,data/raw/html/item_459852675.html,https://www.finn.no/mobility/item/459852675,Toyota Proace Verso Electric,1,6,Toyota,Proace Verso,549000,Bruktbil til salgs: Toyota Proace Verso - 2024 - Grå - 136 hk | FINN.no,NA,NA,Fritatt (avgifter),136 hk,3 500 km,NA,NA,Automat,1 000 kg,2 136 kg,5,NA,Norge,NA,EP67023,Bruktbil til salgs,2136,NA,NA,NA,NA,500,20002,20024,Proace Verso
459405352,Toyota Proace Verso,Toyota Proace Verso,Electric Lang Executive Shuttle,Electric Lang Executive Shuttle,599900,2023,10000,9,Toyota Proace Verso Electric,XL/L3,high,El,Forhjulsdrift,75,310,136,1000,Annet,Personbil,FALSE,FALSE,TRUE,TRUE,TRUE,TRUE,TRUE,NA,21.04.2023,"Toyota Relax, opp til 10år/200.000km",24,200000,Brun,Mo i Rana,NA,NA,66.320996,14.174848,Nordvik AS - Mo i Rana,"11. mai 2026, 09:21 Referanse 205caf5b-7208-4378-bda9-59ef4576e25b Del annonsen Rapporter annonse",TRUE,FALSE,TRUE,FINN HTML definition list + SEO structured data,deterministic keyword parser,data/raw/html/item_459405352.html,https://www.finn.no/mobility/item/459405352,Toyota Proace Verso Electric,1,7,Toyota,Proace Verso,599900,Bruktbil til salgs: Toyota Proace Verso - 2023 - Brun - 136 hk - Annet | FINN.no,NA,592 395 kr,7 505 kr (avgifter),136 hk,10 000 km,75 kWh,NA,Automat,1 000 kg,2 086 kg,4,900 L,Norge,NA,EE10831,Bruktbil til salgs,2086,900,NA,592395,75,0,20018,20383,Proace Verso
461492193,Toyota Proace Verso,Toyota Proace Verso,Electric Lang 9-Seter/Cruise/Oppv.ratt/Navi/Kam/Dab+,Electric Lang 9-Seter/Cruise/Oppv.ratt/Navi/Kam/Dab+,619000,2025,300,9,Toyota Proace Verso Electric,XL/L3,high,El,Forhjulsdrift,NA,340,136,1000,NA,Personbil,FALSE,FALSE,FALSE,FALSE,TRUE,TRUE,TRUE,NA,23.06.2025,Garanti 5 år ihht nybilgaranti til leverandør,60,100000,Grå,Fredrikstad,NA,NA,59.240033,10.982871,Dahles Auto Råbekken,"27. april 2026, 08:46 Referanse 2954 Del annonsen Rapporter annonse",TRUE,FALSE,TRUE,FINN HTML definition list + SEO structured data,deterministic keyword parser,data/raw/html/item_461492193.html,https://www.finn.no/mobility/item/461492193,Toyota Proace Verso Electric,1,8,Toyota,Proace Verso,619000,Bruktbil til salgs: Toyota Proace Verso - 2025 - Grå - 136 hk | FINN.no,NA,NA,Fritatt (avgifter),136 hk,300 km,NA,NA,Automat,1 000 kg,2 166 kg,5,NA,Norge,NA,EP67019,Bruktbil til salgs,2166,NA,NA,NA,NA,300,20002,20024,Proace Verso
437148373,Toyota Proace Verso,Toyota Proace Verso,Electric Lang Executive Family,Electric Lang Executive Family,659000,2024,20000,8,Toyota Proace Verso Electric,XL/L3,high,El,Forhjulsdrift,75,309,136,1000,Flerbruksbil,Personbil,FALSE,TRUE,FALSE,TRUE,FALSE,TRUE,TRUE,1,24.05.2024,Nybilgaranti,37,200000,Grå,Hokksund,NA,NA,59.768975,9.89871,Toyota Hokksund,"24. april 2026, 09:08 Referanse aa868545-c013-4eb9-9b12-47c389a8a6ec Del annonsen Rapporter annonse",TRUE,FALSE,TRUE,FINN HTML definition list + SEO structured data,deterministic keyword parser,data/raw/html/item_437148373.html,https://www.finn.no/mobility/item/437148373,Toyota Proace Verso Electric,1,9,Toyota,Proace Verso,659000,Bruktbil til salgs: Toyota Proace Verso - 2024 - Grå - 136 hk - Flerbruksbil | FINN.no,NA,651 495 kr,7 505 kr (avgifter),136 hk,20 000 km,75 kWh,NA,Automat,1 000 kg,2 092 kg,5,989 L,Norge,24.05.2028,EH78684,Bruktbil til salgs,2092,989,NA,651495,75,0,20007,20123,Proace Verso
463335323,Toyota Proace Verso,Toyota Proace Verso,"Lang 2,0 Shuttle 9seter/INNBYTTE KAMPANJE","Lang 2,0 Shuttle 9seter/INNBYTTE KAMPANJE",15000,2021,93550,7,NA,XL/L3,high,Diesel,Forhjulsdrift,NA,550,177,1900,Flerbruksbil,Personbil,FALSE,FALSE,TRUE,TRUE,TRUE,TRUE,TRUE,NA,16.12.2021,Bruktbilgaranti,12,10000,Hvit,Egersund,NA,NA,58.480869,5.999123,Bøgh Hafsø Bilforretning AS,"13. mai 2026, 09:52 Referanse f647fdb2-8508-4f4d-a378-2abe8533efa0 Del annonsen Rapporter annonse",FALSE,FALSE,FALSE,FINN HTML definition list + SEO structured data,deterministic keyword parser,data/raw/html/item_463335323.html,https://www.finn.no/mobility/item/463335323,Toyota Proace Verso elektrisk,1,1,Toyota,Proace Verso,15000,Leasing: Toyota Proace Verso - 2021 - Hvit - 177 hk - Flerbruksbil | FINN.no,NA,NA,NA,177 hk,93 550 km,NA,NA,Automat,1 900 kg,2 013 kg,4,980 L,Norge,NA,RL64709,Leasing,2013,980,NA,NA,NA,550,20012,20194,Proace Verso
435433086,Toyota Proace Verso,Toyota Proace Verso,9-SETER 2.0D 177HK AUTO F1 LANG PANO SKINN HUD ++,9-SETER 2.0D 177HK AUTO F1 LANG PANO SKINN HUD ++,249000,2017,300000,9,NA,XL/L3,high,Diesel,Forhjulsdrift,NA,0,177,2000,Flerbruksbil,Personbil,TRUE,TRUE,TRUE,TRUE,TRUE,TRUE,TRUE,NA,NA,NA,NA,NA,Grå,Stavanger,NA,NA,58.944196,5.750315,AutoWagon AS,"25. april 2026, 11:54 Del annonsen Rapporter annonse",FALSE,FALSE,FALSE,FINN HTML definition list + SEO structured data,deterministic keyword parser,data/raw/html/item_435433086.html,https://www.finn.no/mobility/item/435433086,Toyota Proace Verso elektrisk,1,2,Toyota,Proace Verso,249000,Bruktbil til salgs: Toyota Proace Verso - 2017 - Grå - 177 hk - Flerbruksbil | FINN.no,NA,244 468 kr,4 532 kr (avgifter),177 hk,300 000 km,NA,NA,Automat,2 000 kg,1 719 kg,6,NA,Norge,NA,NA,Bruktbil til salgs,1719,NA,NA,244468,NA,0,20012,20196,Proace Verso
460810569,Toyota Proace Verso,Toyota Proace Verso,"Lang 1,6D 116 Executive Shuttle","Lang 1,6D 116 Executive Shuttle",249999,2017,95600,9,NA,XL/L3,high,Diesel,Forhjulsdrift,NA,600,116,1800,Flerbruksbil,Personbil,TRUE,FALSE,TRUE,TRUE,TRUE,TRUE,TRUE,NA,17.10.2017,NA,NA,NA,Hvit,Harstad,9409,Troms/Finnmark,68.7863982432785,16.580009021981688,NA,"29. april 2026, 06:57 Del annonsen Rapporter annonse",FALSE,FALSE,FALSE,FINN HTML definition list + SEO structured data,deterministic keyword parser,data/raw/html/item_460810569.html,https://www.finn.no/mobility/item/460810569,Toyota Proace Verso elektrisk,1,3,Toyota,Proace Verso,249999,Bruktbil til salgs: Toyota Proace Verso - 2017 - Hvit - 116 hk - Flerbruksbil | FINN.no,NA,245 467 kr,4 532 kr (avgifter),116 hk,95 600 km,NA,NA,Manuell,1 800 kg,1 626 kg,5,980 L,Norge,03.08.2027,KU11894,Bruktbil til salgs,1626,980,NA,245467,NA,600,20019,20412,Proace Verso
415484378,Toyota Proace Verso,Toyota Proace Verso,"Lang 1,6D 116 Executive Shuttle, Head-up Display","Lang 1,6D 116 Executive Shuttle, Head-up Display",293434,2017,162200,9,NA,XL/L3,high,Diesel,Forhjulsdrift,NA,200,116,1800,Flerbruksbil,Personbil,TRUE,FALSE,TRUE,FALSE,TRUE,TRUE,TRUE,2,17.11.2017,Bruktbilgaranti,NA,NA,Hvit,Haugesund,5525,Rogaland/Vestland,59.41610026062835,5.268010608908353,NA,"12. mai 2026, 08:12 Del annonsen Rapporter annonse",FALSE,FALSE,FALSE,FINN HTML definition list + SEO structured data,deterministic keyword parser,data/raw/html/item_415484378.html,https://www.finn.no/mobility/item/415484378,Toyota Proace Verso elektrisk,1,4,Toyota,Proace Verso,293434,Bruktbil til salgs: Toyota Proace Verso - 2017 - Hvit - 116 hk - Flerbruksbil | FINN.no,NA,289 000 kr,4 434 kr (avgifter),116 hk,162 200 km,NA,NA,Manuell,1 800 kg,1 626 kg,5,980 L,Norge,30.09.2027,DR39659,Bruktbil til salgs,1626,980,NA,289000,NA,200,20012,20197,Proace Verso
451671619,Toyota Proace Verso,Toyota Proace Verso,9 Seter Med Kamera/Hud/Navi/Acc/Keyless/Pdc/BT/Dab/Krok,9 Seter Med Kamera/Hud/Navi/Acc/Keyless/Pdc/BT/Dab/Krok,299900,2019,140200,9,NA,NA,high,Diesel,Forhjulsdrift,NA,200,120,1800,Flerbruksbil,Personbil,TRUE,FALSE,TRUE,FALSE,TRUE,TRUE,TRUE,NA,15.08.2019,Bruktbilgaranti,NA,NA,Grå,Fredrikstad,NA,NA,59.243574,10.978274,Bare Bil AS,"18. februar 2026, 16:17 Referanse 7987 Del annonsen Rapporter annonse",FALSE,FALSE,FALSE,FINN HTML definition list + SEO structured data,deterministic keyword parser,data/raw/html/item_451671619.html,https://www.finn.no/mobility/item/451671619,Toyota Proace Verso elektrisk,1,6,Toyota,Proace Verso,299900,Bruktbil til salgs: Toyota Proace Verso - 2019 - Grå - 120 hk - Flerbruksbil | FINN.no,NA,295 368 kr,4 532 kr (avgifter),120 hk,140 200 km,NA,NA,Manuell,1 800 kg,1 660 kg,5,NA,Norge,NA,YA71293,Bruktbil til salgs,1660,NA,NA,295368,NA,200,20002,20024,Proace Verso
455715327,Toyota Proace,Toyota Proace,1.6D 116HK 9-SETER KROK NAVI DAB SETEVARME KLIMA+++,1.6D 116HK 9-SETER KROK NAVI DAB SETEVARME KLIMA+++,319000,2017,144904,9,NA,NA,base,Diesel,Forhjulsdrift,NA,904,116,1800,Flerbruksbil,Personbil,TRUE,FALSE,TRUE,FALSE,FALSE,TRUE,TRUE,NA,20.06.2017,NA,NA,NA,Brun,Skien,NA,NA,59.180153,9.623554,BilCenteret AS,"16. mars 2026, 00:11 Referanse 4012 Del annonsen Rapporter annonse",FALSE,FALSE,FALSE,FINN HTML definition list + SEO structured data,deterministic keyword parser,data/raw/html/item_455715327.html,https://www.finn.no/mobility/item/455715327,Toyota Proace Verso elektrisk,1,7,Toyota,Proace,319000,Bruktbil til salgs: Toyota Proace - 2017 - Brun - 116 hk - Flerbruksbil | FINN.no,NA,314 468 kr,4 532 kr (avgifter),116 hk,144 904 km,NA,NA,Manuell,1 800 kg,1 626 kg,NA,NA,Norge,NA,NV72676,Bruktbil til salgs,1626,NA,NA,314468,NA,904,20009,20147,Proace
446261300,Toyota Proace Verso,Toyota Proace Verso,9-SETER DIESEL LANG 2XSKYVEDØRER NAVI GARANTI+++,9-SETER DIESEL LANG 2XSKYVEDØRER NAVI GARANTI+++,355000,2019,99500,9,NA,XL/L3,high,Diesel,Forhjulsdrift,NA,500,120,1800,Flerbruksbil,Personbil,TRUE,FALSE,TRUE,TRUE,TRUE,TRUE,TRUE,2,24.04.2019,Car Protect Eksklusiv fossil brukt 2025,12,200000,Grå,Lillestrøm,NA,Akershus,59.962387,11.047531,HANEBORG AUTO AS,"13. mai 2026, 15:42 Referanse 2181 Del annonsen Rapporter annonse",FALSE,FALSE,FALSE,FINN HTML definition list + SEO structured data,deterministic keyword parser,data/raw/html/item_446261300.html,https://www.finn.no/mobility/item/446261300,Toyota Proace Verso elektrisk,1,9,Toyota,Proace Verso,355000,Bruktbil til salgs: Toyota Proace Verso - 2019 - Grå - 120 hk - Flerbruksbil | FINN.no,NA,350 468 kr,4 532 kr (avgifter),120 hk,99 500 km,NA,NA,Manuell,1 800 kg,1 660 kg,5,NA,Norge,NA,RL40037,Bruktbil til salgs,1660,NA,NA,350468,NA,500,20003,22105,Proace Verso
453745299,Toyota Proace Verso,Toyota Proace Verso,"Lang 1,5D 120 Executive Shuttle man","Lang 1,5D 120 Executive Shuttle man",359932,2021,71000,9,NA,XL/L3,high,Diesel,Forhjulsdrift,NA,0,120,1800,Flerbruksbil,Personbil,FALSE,FALSE,TRUE,TRUE,TRUE,TRUE,TRUE,1,27.12.2021,Nybilgaranti,NA,NA,Grå,Andebu,3158,Buskerud/Vestfold/Telemark,59.305901243228405,10.17649525169453,VERDIHANDEL AS,"13. april 2026, 16:50 Del annonsen Rapporter annonse",FALSE,FALSE,FALSE,FINN HTML definition list + SEO structured data,deterministic keyword parser,data/raw/html/item_453745299.html,https://www.finn.no/mobility/item/453745299,Toyota Proace Verso elektrisk,1,10,Toyota,Proace Verso,359932,Bruktbil til salgs: Toyota Proace Verso - 2021 - Grå - 120 hk - Flerbruksbil | FINN.no,NA,355 400 kr,4 532 kr (avgifter),120 hk,71 000 km,NA,NA,Manuell,1 800 kg,1 660 kg,5,980 L,Norge,20.01.2028,FT70120,Bruktbil til salgs,1660,980,NA,355400,NA,0,20008,20134,Proace Verso
460916000,Toyota Proace,Toyota Proace,9-seter/Krok/Relax-garanti/Ny reg.kjede/Ny service,9-seter/Krok/Relax-garanti/Ny reg.kjede/Ny service,369900,2018,67200,9,NA,NA,high,Diesel,Forhjulsdrift,NA,200,120,1800,Flerbruksbil,Personbil,TRUE,FALSE,FALSE,FALSE,TRUE,TRUE,TRUE,NA,09.10.2018,Bruktbilgaranti,12,NA,Grå,Trondheim,NA,NA,63.425945,10.470863,LYSHOLM BIL BUDGET AS TRONDHEIM,"23. april 2026, 13:30 Referanse 2839 Del annonsen Rapporter annonse",FALSE,FALSE,FALSE,FINN HTML definition list + SEO structured data,deterministic keyword parser,data/raw/html/item_460916000.html,https://www.finn.no/mobility/item/460916000,Toyota Proace Verso elektrisk,1,11,Toyota,Proace,369900,Bruktbil til salgs: Toyota Proace - 2018 - Grå - 120 hk - Flerbruksbil | FINN.no,NA,365 368 kr,4 532 kr (avgifter),120 hk,67 200 km,NA,NA,Manuell,1 800 kg,1 660 kg,NA,NA,Norge,NA,NA,Bruktbil til salgs,1660,NA,NA,365368,NA,200,20016,20318,Proace
460882122,Toyota Proace Verso,Toyota Proace Verso,2.0D 177HK AUTOMAT EXECUTIVE LANG 9 SETER,2.0D 177HK AUTOMAT EXECUTIVE LANG 9 SETER,379000,2017,145000,9,NA,XL/L3,high,Diesel,Forhjulsdrift,NA,0,177,2000,Flerbruksbil,Personbil,FALSE,TRUE,TRUE,TRUE,TRUE,TRUE,TRUE,NA,29.06.2017,Bruktbilgaranti,3,5000,Sølv,Sofiemyr,NA,Akershus,59.796181,10.82626,Varebil No AS,"7. mai 2026, 10:16 Referanse 2757 Del annonsen Rapporter annonse",FALSE,FALSE,FALSE,FINN HTML definition list + SEO structured data,deterministic keyword parser,data/raw/html/item_460882122.html,https://www.finn.no/mobility/item/460882122,Toyota Proace Verso elektrisk,1,12,Toyota,Proace Verso,379000,Bruktbil til salgs: Toyota Proace Verso - 2017 - Sølv - 177 hk - Flerbruksbil | FINN.no,NA,374 468 kr,4 532 kr (avgifter),177 hk,145 000 km,NA,NA,Automat,2 000 kg,1 719 kg,5,NA,Norge,NA,UA36680,Bruktbil til salgs,1719,NA,NA,374468,NA,0,20003,22104,Proace Verso
416957247,Toyota Proace Verso,Toyota Proace Verso,"9 Seter, Lang Utgave","9 Seter, Lang Utgave",379000,2018,119982,9,NA,XL/L3,high,Diesel,Forhjulsdrift,NA,982,120,1800,Kasse,Personbil,FALSE,FALSE,TRUE,FALSE,TRUE,TRUE,TRUE,1,29.11.2018,NA,NA,NA,Svart,Gamle Fredrikstad,1631,Akershus/Østfold,59.20420661237507,10.955714312244453,Pers Utleieservice AS,"4. februar 2026, 09:35 Del annonsen Rapporter annonse",FALSE,FALSE,FALSE,FINN HTML definition list + SEO structured data,deterministic keyword parser,data/raw/html/item_416957247.html,https://www.finn.no/mobility/item/416957247,Toyota Proace Verso elektrisk,1,13,Toyota,Proace Verso,379000,Bruktbil til salgs: Toyota Proace Verso - 2018 - Svart - 120 hk - Kasse | FINN.no,NA,374 566 kr,4 434 kr (avgifter),120 hk,119 982 km,NA,NA,Manuell,1 800 kg,1 660 kg,5,NA,Norge,02.09.2026,AS59078,Bruktbil til salgs,1660,NA,NA,374566,NA,982,20002,20024,Proace Verso
462929678,Toyota Proace Verso,Toyota Proace Verso,"Medium 1,6D 116 Executive Family","Medium 1,6D 116 Executive Family",379532,2017,82689,8,NA,M/L2,high,Diesel,Forhjulsdrift,NA,689,116,1800,Flerbruksbil,Personbil,TRUE,FALSE,TRUE,TRUE,TRUE,TRUE,TRUE,2,16.11.2017,NA,NA,NA,Brun,Inderøy,7670,Trøndelag/Nordland,63.86839543574856,11.297664133278946,NA,"9. mai 2026, 06:47 Del annonsen Rapporter annonse",FALSE,FALSE,FALSE,FINN HTML definition list + SEO structured data,deterministic keyword parser,data/raw/html/item_462929678.html,https://www.finn.no/mobility/item/462929678,Toyota Proace Verso elektrisk,1,14,Toyota,Proace Verso,379532,Bruktbil til salgs: Toyota Proace Verso - 2017 - Brun - 116 hk - Flerbruksbil | FINN.no,NA,375 000 kr,4 532 kr (avgifter),116 hk,82 689 km,NA,NA,Manuell,1 800 kg,1 571 kg,5,550 L,Norge,26.10.2027,XV70559,Bruktbil til salgs,1571,550,NA,375000,NA,689,20016,20354,Proace Verso
460672330,Toyota Proace Verso,Toyota Proace Verso,Lang Executive / R.kam /Webasto / CarPlay / HUD,Lang Executive / R.kam /Webasto / CarPlay / HUD,398000,2021,65000,9,NA,XL/L3,high,Diesel,Forhjulsdrift,NA,0,120,1400,Kasse,Personbil,FALSE,FALSE,TRUE,FALSE,TRUE,TRUE,TRUE,1,27.01.2021,Car Protect Eksklusiv fossil brukt 2025,12,180000,Grå,Kristiansand S,NA,NA,58.170636,8.115572,Premium Auto AS,"22. april 2026, 10:12 Referanse 4934 Del annonsen Rapporter annonse",FALSE,FALSE,FALSE,FINN HTML definition list + SEO structured data,deterministic keyword parser,data/raw/html/item_460672330.html,https://www.finn.no/mobility/item/460672330,Toyota Proace Verso elektrisk,1,15,Toyota,Proace Verso,398000,Bruktbil til salgs: Toyota Proace Verso - 2021 - Grå - 120 hk - Kasse | FINN.no,NA,393 468 kr,4 532 kr (avgifter),120 hk,65 000 km,NA,NA,Manuell,1 400 kg,1 659 kg,5,NA,Norge,NA,NA,Bruktbil til salgs,1659,NA,NA,393468,NA,0,22042,20179,Proace Verso
460127581,Toyota Proace Verso,Toyota Proace Verso,Lang 2.0 177HK/8Seter/Krok/Massasje/Pano/Hud/Navi/Dab,Lang 2.0 177HK/8Seter/Krok/Massasje/Pano/Hud/Navi/Dab,399000,2018,156750,8,NA,XL/L3,high,Diesel,Forhjulsdrift,NA,750,177,2000,Flerbruksbil,Personbil,TRUE,TRUE,TRUE,TRUE,TRUE,TRUE,TRUE,NA,11.01.2018,Fragus Mobility Complete,12,200000,Grå,Hokksund,NA,NA,59.769307,9.901461,Hokksund Auto AS,"16. april 2026, 14:02 Referanse 3466 Del annonsen Rapporter annonse",FALSE,FALSE,FALSE,FINN HTML definition list + SEO structured data,deterministic keyword parser,data/raw/html/item_460127581.html,https://www.finn.no/mobility/item/460127581,Toyota Proace Verso elektrisk,1,16,Toyota,Proace Verso,399000,Bruktbil til salgs: Toyota Proace Verso - 2018 - Grå - 177 hk - Flerbruksbil | FINN.no,NA,394 468 kr,4 532 kr (avgifter),177 hk,156 750 km,NA,NA,Automat,2 000 kg,1 705 kg,5,NA,Norge,NA,XD88099,Bruktbil til salgs,1705,NA,NA,394468,NA,750,20007,20123,Proace Verso
457411576,Toyota Proace Verso,Toyota Proace Verso,"Lang 2,0D 177 Executive Family aut","Lang 2,0D 177 Executive Family aut",399532,2018,88000,8,NA,XL/L3,high,Diesel,Forhjulsdrift,NA,0,177,2500,Flerbruksbil,Personbil,FALSE,FALSE,TRUE,TRUE,TRUE,TRUE,TRUE,1,08.10.2018,NA,NA,NA,Grå,Tromsø,9010,Troms/Finnmark,69.66822142533674,18.967082835962792,NA,"9. april 2026, 19:52 Del annonsen Rapporter annonse",FALSE,FALSE,FALSE,FINN HTML definition list + SEO structured data,deterministic keyword parser,data/raw/html/item_457411576.html,https://www.finn.no/mobility/item/457411576,Toyota Proace Verso elektrisk,1,17,Toyota,Proace Verso,399532,Bruktbil til salgs: Toyota Proace Verso - 2018 - Grå - 177 hk - Flerbruksbil | FINN.no,NA,395 000 kr,4 532 kr (avgifter),177 hk,88 000 km,NA,NA,Automat,2 500 kg,1 770 kg,5,980 L,Norge,27.10.2027,ZP47374,Bruktbil til salgs,1770,980,NA,395000,NA,0,20019,20413,Proace Verso
459434541,Toyota Proace Verso,Toyota Proace Verso,Family,Family,419000,2019,95500,8,NA,NA,high,Diesel,Forhjulsdrift,NA,500,NA,1800,Flerbruksbil,Personbil,TRUE,TRUE,TRUE,TRUE,FALSE,TRUE,TRUE,2,07.05.2019,NA,NA,NA,Grå,Skien,3720,Buskerud/Vestfold/Telemark,59.21620361113495,9.516194996752894,NA,"7. mai 2026, 22:42 Del annonsen Rapporter annonse",FALSE,FALSE,FALSE,FINN HTML definition list + SEO structured data,deterministic keyword parser,data/raw/html/item_459434541.html,https://www.finn.no/mobility/item/459434541,Toyota Proace Verso elektrisk,1,20,Toyota,Proace Verso,419000,Bruktbil til salgs: Toyota Proace Verso - 2019 - Grå - Flerbruksbil | FINN.no,NA,414 468 kr,4 532 kr (avgifter),NA,95 500 km,NA,NA,Automat,1 800 kg,1 571 kg,NA,1 300 L,Norge,07.05.2027,SV97525,Bruktbil til salgs,1571,1300,NA,414468,NA,500,20009,20147,Proace Verso
460973670,Toyota Proace Verso,Toyota Proace Verso,"Lang 2,0D 177 Executive Family","Lang 2,0D 177 Executive Family",439532,2021,202000,8,NA,XL/L3,high,Diesel,Forhjulsdrift,NA,0,177,2500,Flerbruksbil,Personbil,FALSE,FALSE,TRUE,TRUE,TRUE,TRUE,TRUE,NA,09.02.2021,NA,NA,NA,Grå,Fosser,1963,Akershus,59.81889874922708,11.482500559021984,Bilmix AS,"12. mai 2026, 22:55 Del annonsen Rapporter annonse",FALSE,FALSE,FALSE,FINN HTML definition list + SEO structured data,deterministic keyword parser,data/raw/html/item_460973670.html,https://www.finn.no/mobility/item/460973670,Toyota Proace Verso elektrisk,1,21,Toyota,Proace Verso,439532,Bruktbil til salgs: Toyota Proace Verso - 2021 - Grå - 177 hk - Flerbruksbil | FINN.no,NA,435 000 kr,4 532 kr (avgifter),177 hk,202 000 km,NA,NA,Automat,2 500 kg,1 770 kg,5,980 L,Norge,09.02.2027,DR91332,Bruktbil til salgs,1770,980,NA,435000,NA,0,20003,20047,Proace Verso
463374280,Toyota Proace Verso,Toyota Proace Verso,"Verso 2,0D-177HK Aut.9-seter, Dieselvarmer, R.kamera","Verso 2,0D-177HK Aut.9-seter, Dieselvarmer, R.kamera",449000,2022,96200,9,NA,NA,high,Diesel,Forhjulsdrift,NA,200,177,1900,Annet,Personbil,TRUE,FALSE,FALSE,FALSE,TRUE,TRUE,TRUE,NA,19.05.2022,Resterende Nybilgaranti,12,200000,Grå,Halden,NA,NA,59.121787,11.293455,Jensen & Scheele Outlet,"12. mai 2026, 16:00 Referanse bd59b639-6003-4026-9684-bad7454e61cc Del annonsen Rapporter annonse",FALSE,FALSE,FALSE,FINN HTML definition list + SEO structured data,deterministic keyword parser,data/raw/html/item_463374280.html,https://www.finn.no/mobility/item/463374280,Toyota Proace Verso elektrisk,1,22,Toyota,Proace Verso,449000,Bruktbil til salgs: Toyota Proace Verso - 2022 - Grå - 177 hk - Annet | FINN.no,NA,444 468 kr,4 532 kr (avgifter),177 hk,96 200 km,NA,NA,Automat,1 900 kg,1 727 kg,6,NA,Norge,NA,YF19641,Bruktbil til salgs,1727,NA,NA,444468,NA,200,20002,20021,Proace Verso
455752101,Toyota Proace Verso,Toyota Proace Verso,"Lang 1,5D 120 Executive Shuttle man, H.FESTE/P.VARMER,","Lang 1,5D 120 Executive Shuttle man, H.FESTE/P.VARMER,",475000,2022,43560,9,NA,XL/L3,high,Diesel,Forhjulsdrift,NA,560,120,1400,Flerbruksbil,Personbil,TRUE,FALSE,FALSE,TRUE,FALSE,TRUE,TRUE,NA,31.10.2022,Nybilgaranti,19,200000,Grå,Torp,NA,NA,59.262129,11.098425,Toyota Sarpsborg og Halden,"12. mai 2026, 11:27 Referanse 0e9080ff-8e9f-4610-a518-9f8d9959cd7d Del annonsen Rapporter annonse",FALSE,FALSE,FALSE,FINN HTML definition list + SEO structured data,deterministic keyword parser,data/raw/html/item_455752101.html,https://www.finn.no/mobility/item/455752101,Toyota Proace Verso elektrisk,1,23,Toyota,Proace Verso,475000,Bruktbil til salgs: Toyota Proace Verso - 2022 - Grå - 120 hk - Flerbruksbil | FINN.no,NA,470 468 kr,4 532 kr (avgifter),120 hk,43 560 km,NA,NA,Manuell,1 400 kg,1 917 kg,5,980 L,Norge,31.10.2026,AE63927,Bruktbil til salgs,1917,980,NA,470468,NA,560,20002,20024,Proace Verso
452551292,Toyota Proace Verso,Toyota Proace Verso,"Lang 2,0D 177 Executive Shuttle aut 9 Seter","Lang 2,0D 177 Executive Shuttle aut 9 Seter",499000,2020,106500,9,NA,XL/L3,high,Diesel,Forhjulsdrift,NA,500,177,2500,Flerbruksbil,Personbil,TRUE,TRUE,TRUE,TRUE,TRUE,TRUE,TRUE,1,29.10.2020,Bruktbilgaranti,12,15000,Hvit,Flekkefjord,4400,Agder,58.296196420902476,6.662700828596149,Toyota Flekkefjord AS,"24. februar 2026, 15:37 Referanse 033a549a-ffe3-4072-aaa8-46d6a94a0405 Del annonsen Rapporter annonse",FALSE,FALSE,FALSE,FINN HTML definition list + SEO structured data,deterministic keyword parser,data/raw/html/item_452551292.html,https://www.finn.no/mobility/item/452551292,Toyota Proace Verso elektrisk,1,24,Toyota,Proace Verso,499000,Bruktbil til salgs: Toyota Proace Verso - 2020 - Hvit - 177 hk - Flerbruksbil | FINN.no,NA,494 468 kr,4 532 kr (avgifter),177 hk,106 500 km,NA,NA,Automat,2 500 kg,1 770 kg,4,980 L,Norge,29.10.2026,RA48668,Bruktbil til salgs,1770,980,NA,494468,NA,500,22042,20182,Proace Verso
462841611,Toyota Proace Verso,Toyota Proace Verso,"Lang 2,0D 177 Executive Family aut","Lang 2,0D 177 Executive Family aut",519532,2020,95834,8,NA,XL/L3,high,Diesel,Forhjulsdrift,NA,834,177,2500,Flerbruksbil,Personbil,FALSE,FALSE,TRUE,TRUE,TRUE,TRUE,TRUE,2,05.05.2020,NA,NA,NA,Brun,Flateby,1911,Akershus,59.834596549718064,11.140797018981191,NA,"8. mai 2026, 18:02 Del annonsen Rapporter annonse",FALSE,FALSE,FALSE,FINN HTML definition list + SEO structured data,deterministic keyword parser,data/raw/html/item_462841611.html,https://www.finn.no/mobility/item/462841611,Toyota Proace Verso elektrisk,1,25,Toyota,Proace Verso,519532,Bruktbil til salgs: Toyota Proace Verso - 2020 - Brun - 177 hk - Flerbruksbil | FINN.no,NA,515 000 kr,4 532 kr (avgifter),177 hk,95 834 km,NA,NA,Automat,2 500 kg,1 770 kg,5,980 L,Norge,07.05.2028,RZ43489,Bruktbil til salgs,1770,980,NA,515000,NA,834,20003,20051,Proace Verso
445783649,Toyota ProAce Max,Toyota ProAce Max,L3/H2 // 13m³ COMFORT PLUSS // 110 KWH // 420km WLTP*,L3/H2 // 13m³ COMFORT PLUSS // 110 KWH // 420km WLTP*,548977,2025,900,3,NA,XL/L3,high,El,Forhjulsdrift,110,420,279,2400,Kasse,Varebil,FALSE,FALSE,FALSE,TRUE,TRUE,TRUE,TRUE,NA,22.12.2025,Nybilgaranti,60,200000,Grå,Fornebu,NA,Akershus,59.891402,10.625674,AUTO BILSALG AS,"12. mai 2026, 13:08 Referanse 2186 Del annonsen Rapporter annonse",FALSE,NA,TRUE,FINN HTML definition list + SEO structured data,deterministic keyword parser,data/raw/html/item_445783649.html,https://www.finn.no/mobility/item/445783649,Toyota Proace Verso elektrisk,1,26,Toyota,ProAce Max,548977,Bruktbil til salgs: Toyota ProAce Max - 2025 - Grå - 279 hk - Kasse | FINN.no,NA,546 518 kr,2 459 kr (avgifter),279 hk,900 km,110 kWh,NA,Automat,2 400 kg,2 871 kg,4,NA,Norge,NA,EP42731,Bruktbil til salgs,2871,NA,NA,546518,NA,420,20003,20045,ProAce Max
459665208,Toyota ProAce Max,Toyota ProAce Max,L3/H2 // COMFORT PLUSS // 110 KWH // 420km WLTP*,L3/H2 // COMFORT PLUSS // 110 KWH // 420km WLTP*,549977,2025,900,3,NA,XL/L3,high,El,Forhjulsdrift,110,420,279,2400,Kasse,Lett lastebil,FALSE,FALSE,FALSE,TRUE,TRUE,TRUE,TRUE,NA,22.12.2025,Nybilgaranti,60,200000,Grå,Fornebu,NA,Akershus,59.891402,10.625674,AUTO BILSALG AS,"12. april 2026, 18:37 Referanse 2196 Del annonsen Rapporter annonse",FALSE,NA,TRUE,FINN HTML definition list + SEO structured data,deterministic keyword parser,data/raw/html/item_459665208.html,https://www.finn.no/mobility/item/459665208,Toyota Proace Verso elektrisk,1,28,Toyota,ProAce Max,549977,Bruktbil til salgs: Toyota ProAce Max - 2025 - Grå - 279 hk - Kasse | FINN.no,NA,547 518 kr,2 459 kr (avgifter),279 hk,900 km,110 kWh,NA,Automat,2 400 kg,2 871 kg,4,NA,Norge,NA,EP42731,Bruktbil til salgs,2871,NA,NA,547518,NA,420,20003,20045,ProAce Max
462727345,Toyota Proace Verso,Toyota Proace Verso,"Lang 2,0D 177 Executive Shuttle 9s Cruise/Webasto/DAB","Lang 2,0D 177 Executive Shuttle 9s Cruise/Webasto/DAB",569000,2023,89342,9,NA,XL/L3,high,Diesel,Forhjulsdrift,NA,342,177,1800,Flerbruksbil,Personbil,FALSE,FALSE,FALSE,TRUE,TRUE,TRUE,TRUE,NA,21.03.2023,Nybilgaranti,22,100000,Grå,Løten,NA,NA,60.831554,11.299375,Autoplan AS,"7. mai 2026, 10:50 Referanse YARVEEHZ7GZ246478 Del annonsen Rapporter annonse",FALSE,FALSE,FALSE,FINN HTML definition list + SEO structured data,deterministic keyword parser,data/raw/html/item_462727345.html,https://www.finn.no/mobility/item/462727345,Toyota Proace Verso elektrisk,1,29,Toyota,Proace Verso,569000,Bruktbil til salgs: Toyota Proace Verso - 2023 - Grå - 177 hk - Flerbruksbil | FINN.no,NA,561 495 kr,7 505 kr (avgifter),177 hk,89 342 km,NA,NA,Automat,1 800 kg,2 023 kg,4,980 L,Norge,21.03.2027,FT72230,Bruktbil til salgs,2023,980,NA,561495,NA,342,22034,20065,Proace Verso
454729130,Toyota Proace Verso,Toyota Proace Verso,Executive 8-seter/Massasje/H.feste/360kam,Executive 8-seter/Massasje/H.feste/360kam,569900,2022,70414,8,NA,NA,high,Diesel,Forhjulsdrift,NA,414,176,1800,Annet,Personbil,TRUE,TRUE,TRUE,TRUE,TRUE,TRUE,TRUE,NA,18.03.2022,Resterende Nybilgaranti,11,200000,Grå,Bodø,NA,NA,67.279154,14.424413,Nordvik AS - Bodø,"30. april 2026, 10:08 Referanse 1e0807aa-480a-4ca5-aef2-80308a49922c Del annonsen Rapporter annonse",FALSE,FALSE,FALSE,FINN HTML definition list + SEO structured data,deterministic keyword parser,data/raw/html/item_454729130.html,https://www.finn.no/mobility/item/454729130,Toyota Proace Verso elektrisk,1,30,Toyota,Proace Verso,569900,Bruktbil til salgs: Toyota Proace Verso - 2022 - Grå - 176 hk - Annet | FINN.no,NA,565 368 kr,4 532 kr (avgifter),176 hk,70 414 km,NA,NA,Automat,1 800 kg,1 770 kg,4,900 L,Norge,NA,YT76454,Bruktbil til salgs,1770,900,NA,565368,NA,414,20018,20367,Proace Verso
460146176,Toyota Proace,Toyota Proace,2.0D 177hk Aut/Lang/8seter/Executive Family/Web/Skinn +,2.0D 177hk Aut/Lang/8seter/Executive Family/Web/Skinn +,569900,2022,67000,8,NA,XL/L3,high,Diesel,Forhjulsdrift,NA,0,177,1800,Flerbruksbil,Personbil,TRUE,FALSE,FALSE,TRUE,TRUE,TRUE,TRUE,1,10.08.2022,Nybilgaranti fra 1. gang reg.,60,200000,Grå,Flatåsen,NA,NA,63.37237,10.336924,LYSHOLM BIL TRONDHEIM,"1. mai 2026, 07:15 Referanse 6195 Del annonsen Rapporter annonse",FALSE,FALSE,FALSE,FINN HTML definition list + SEO structured data,deterministic keyword parser,data/raw/html/item_460146176.html,https://www.finn.no/mobility/item/460146176,Toyota Proace Verso elektrisk,1,31,Toyota,Proace,569900,Bruktbil til salgs: Toyota Proace - 2022 - Grå - 177 hk - Flerbruksbil | FINN.no,NA,565 368 kr,4 532 kr (avgifter),177 hk,67 000 km,NA,NA,Automat,1 800 kg,2 032 kg,5,NA,Norge,NA,NA,Bruktbil til salgs,2032,NA,NA,565368,NA,0,20016,20318,Proace
460771286,Toyota Proace Verso,Toyota Proace Verso,"Lang 2,0D 177 Executive Shuttle 9s 9-SETER/WEBASTO","Lang 2,0D 177 Executive Shuttle 9s 9-SETER/WEBASTO",599000,2023,78681,9,NA,XL/L3,high,Diesel,Forhjulsdrift,NA,681,177,1800,Flerbruksbil,Personbil,TRUE,FALSE,TRUE,TRUE,TRUE,TRUE,TRUE,1,24.04.2023,Bruktbilgaranti,24,200000,Grå,Kongsberg,NA,NA,59.62569,9.635376,Toyota Kongsberg,"21. april 2026, 11:04 Referanse 2e142802-83b6-43aa-a029-c6f5c7c8d42e Del annonsen Rapporter annonse",FALSE,FALSE,FALSE,FINN HTML definition list + SEO structured data,deterministic keyword parser,data/raw/html/item_460771286.html,https://www.finn.no/mobility/item/460771286,Toyota Proace Verso elektrisk,1,32,Toyota,Proace Verso,599000,Bruktbil til salgs: Toyota Proace Verso - 2023 - Grå - 177 hk - Flerbruksbil | FINN.no,NA,591 495 kr,7 505 kr (avgifter),177 hk,78 681 km,NA,NA,Automat,1 800 kg,2 023 kg,5,980 L,Norge,24.04.2027,KU13483,Bruktbil til salgs,2023,980,NA,591495,NA,681,20007,20111,Proace Verso
453910817,Toyota Proace Verso,Toyota Proace Verso,"Lang 2,0 Shuttle 9seter/INNBYTTE KAMPANJE","Lang 2,0 Shuttle 9seter/INNBYTTE KAMPANJE",599000,2021,74500,9,NA,XL/L3,high,Diesel,Forhjulsdrift,NA,500,144,1900,Flerbruksbil,Personbil,FALSE,FALSE,TRUE,TRUE,TRUE,TRUE,TRUE,NA,15.12.2021,Bruktbilgaranti,12,10000,Hvit,Egersund,NA,NA,58.480869,5.999123,Bøgh Hafsø Bilforretning AS,"28. april 2026, 09:25 Referanse 3abf1250-4bd7-4698-8fb4-dec097003567 Del annonsen Rapporter annonse",FALSE,FALSE,FALSE,FINN HTML definition list + SEO structured data,deterministic keyword parser,data/raw/html/item_453910817.html,https://www.finn.no/mobility/item/453910817,Toyota Proace Verso elektrisk,1,33,Toyota,Proace Verso,599000,Bruktbil til salgs: Toyota Proace Verso - 2021 - Hvit - 144 hk - Flerbruksbil | FINN.no,NA,594 468 kr,4 532 kr (avgifter),144 hk,74 500 km,NA,NA,Automat,1 900 kg,2 013 kg,4,980 L,Norge,03.10.2027,RL64103,Bruktbil til salgs,2013,980,NA,594468,NA,500,20012,20194,Proace Verso
453909509,Toyota Proace Verso,Toyota Proace Verso,"Lang 2,0 Shuttle 9seter/INNBYTTE KAMPANJE","Lang 2,0 Shuttle 9seter/INNBYTTE KAMPANJE",599000,2021,76000,9,NA,XL/L3,high,Diesel,Forhjulsdrift,NA,0,144,1900,Flerbruksbil,Personbil,FALSE,FALSE,TRUE,TRUE,TRUE,TRUE,TRUE,NA,13.12.2021,Bruktbilgaranti,12,10000,Hvit,Egersund,NA,NA,58.480869,5.999123,Bøgh Hafsø Bilforretning AS,"28. april 2026, 09:28 Referanse 6fd07a6c-5fe7-4cf9-b191-629712f3ebb2 Del annonsen Rapporter annonse",FALSE,FALSE,FALSE,FINN HTML definition list + SEO structured data,deterministic keyword parser,data/raw/html/item_453909509.html,https://www.finn.no/mobility/item/453909509,Toyota Proace Verso elektrisk,1,34,Toyota,Proace Verso,599000,Bruktbil til salgs: Toyota Proace Verso - 2021 - Hvit - 144 hk - Flerbruksbil | FINN.no,NA,594 468 kr,4 532 kr (avgifter),144 hk,76 000 km,NA,NA,Automat,1 900 kg,2 013 kg,4,980 L,Norge,13.12.2025,RL64710,Bruktbil til salgs,2013,980,NA,594468,NA,0,20012,20194,Proace Verso
461617632,Toyota Proace Verso,Toyota Proace Verso,"Lang 2,0 Shuttle 9seter/INNBYTTE KAMPANJE","Lang 2,0 Shuttle 9seter/INNBYTTE KAMPANJE",619000,2022,89900,9,NA,XL/L3,high,Diesel,Forhjulsdrift,NA,900,144,1900,Flerbruksbil,Personbil,FALSE,FALSE,FALSE,TRUE,TRUE,TRUE,TRUE,NA,13.07.2022,Bruktbilgaranti,12,10000,Svart,Egersund,NA,NA,58.480869,5.999123,Bøgh Hafsø Bilforretning AS,"28. april 2026, 09:25 Referanse 652179c2-fc8b-4f1d-a6fd-dbc2e8ec794f Del annonsen Rapporter annonse",FALSE,FALSE,FALSE,FINN HTML definition list + SEO structured data,deterministic keyword parser,data/raw/html/item_461617632.html,https://www.finn.no/mobility/item/461617632,Toyota Proace Verso elektrisk,1,36,Toyota,Proace Verso,619000,Bruktbil til salgs: Toyota Proace Verso - 2022 - Svart - 144 hk - Flerbruksbil | FINN.no,NA,614 468 kr,4 532 kr (avgifter),144 hk,89 900 km,NA,NA,Automat,1 900 kg,2 013 kg,4,980 L,Norge,13.07.2026,RL64721,Bruktbil til salgs,2013,980,NA,614468,NA,900,20012,20194,Proace Verso
460244271,Toyota Proace Verso,Toyota Proace Verso,L3 Executive 177hk 9-SETER/EL-SKYVEDØRER/ACC/KROK,L3 Executive 177hk 9-SETER/EL-SKYVEDØRER/ACC/KROK,639990,2023,58156,9,Toyota Proace Verso Electric,XL/L3,high,Diesel,Forhjulsdrift,NA,156,177,1800,Flerbruksbil,Personbil,TRUE,FALSE,FALSE,TRUE,TRUE,TRUE,TRUE,NA,07.02.2023,Nybilgaranti fra 1. gang reg.,60,200000,Grå,Hell,NA,NA,63.439843,10.889477,STJØRDAL AUTO,"29. april 2026, 08:59 Referanse 5450 Del annonsen Rapporter annonse",TRUE,FALSE,TRUE,FINN HTML definition list + SEO structured data,deterministic keyword parser,data/raw/html/item_460244271.html,https://www.finn.no/mobility/item/460244271,Toyota Proace Verso elektrisk,1,38,Toyota,Proace Verso,639990,Bruktbil til salgs: Toyota Proace Verso - 2023 - Grå - 177 hk - Flerbruksbil | FINN.no,NA,632 485 kr,7 505 kr (avgifter),177 hk,58 156 km,NA,NA,Automat,1 800 kg,1 977 kg,5,NA,Norge,NA,NA,Bruktbil til salgs,1977,NA,NA,632485,NA,156,20016,20346,Proace Verso
