url,page_title,ad_title,subtitle,url_id,total_price_text,price_ex_reg_text,reg_fee_text,model_year,body_type,fuel,effect_text,km_text,battery_text,range_text,transmission,tow_weight_text,drive,weight_text,seats,doors,luggage_text,color,country,eu_deadline,vehicle_class,registration_number,first_registered,owners,warranty_text,warranty_months,warranty_km,sales_form,km,battery_kwh,range_wltp_km,effect_hp,max_tow_kg,weight_kg,luggage_l,total_price,price_ex_reg,battery_kwh_detected,range_wltp_km_detected,has_towbar,has_panorama,has_hud,has_leather,has_camera,has_nav,is_camper,latitude,longitude,postal_code,place,seller_name,updated_at_text,finn_county_code,finn_municipality_code,county,raw_html_file
https://www.finn.no/mobility/item/451015720,Bruktbil til salgs: Citroen SpaceTourer - 2020 - Sølv - 136 hk - Kasse | FINN.no,Citroen SpaceTourer,NA,451015720,NA,190 468 kr,4 532 kr (avgifter),2020,Kasse,El,136 hk,35 000 km,NA,NA,Automat,1 000 kg,Forhjulsdrift,2 183 kg,9,5,NA,Sølv,Norge,05.02.2028,Personbil,ED97238,17.07.2020,NA,NA,NA,NA,Bruktbil til salgs,35000,50,211,136,1000,2183,NA,NA,190468,50,0,FALSE,FALSE,FALSE,FALSE,FALSE,TRUE,TRUE,59.71969589593153,10.835604896452368,1425,Ski,NA,"30. april 2026, 23:58 Del annonsen Rapporter annonse",20003,22104,Akershus,data/raw/html/item_451015720.html
https://www.finn.no/mobility/item/441656103,Bruktbil til salgs: Citroen SpaceTourer - 2021 - Grå - 136 hk - Flerbruksbil | FINN.no,Citroen SpaceTourer,75kWt L3 Shine,441656103,NA,370 000 kr,4 434 kr (avgifter),2021,Flerbruksbil,El,136 hk,44 000 km,75 kWh,NA,Automat,1 000 kg,Forhjulsdrift,2 065 kg,8,5,603 L,Grå,Norge,20.11.2027,Personbil,ED39107,19.11.2021,2,Nybilgaranti,NA,NA,Bruktbil til salgs,44000,75,330,136,1000,2065,603,NA,370000,75,0,FALSE,FALSE,TRUE,TRUE,FALSE,TRUE,TRUE,59.997432057042005,10.917727178672298,1481,Hagan,NA,"6. mai 2026, 22:41 Del annonsen Rapporter annonse",20003,20054,Akershus,data/raw/html/item_441656103.html
https://www.finn.no/mobility/item/460924816,Bruktbil til salgs: Citroen SpaceTourer - 2024 - Hvit - 136 hk - Flerbruksbil | FINN.no,Citroen SpaceTourer,75kWt 6 seter Fantastisk familiebil | Leveringsklar,460924816,NA,NA,Fritatt (avgifter),2024,Flerbruksbil,El,136 hk,8 km,75 kWh,NA,Automat,NA,Forhjulsdrift,NA,6,6,NA,Hvit,Norge,NA,Personbil,EC25582,24.06.2024,NA,Bruktbilgaranti,60,100000,Bruktbil til salgs,8,75,315,136,NA,NA,NA,NA,NA,75,315,FALSE,FALSE,FALSE,FALSE,FALSE,TRUE,TRUE,59.956725,11.034393,NA,Lillestrøm,Birger N. Haug AS Lillestrøm,"11. mai 2026, 16:53 Referanse P277923 Del annonsen Rapporter annonse",20003,22105,Akershus,data/raw/html/item_460924816.html
https://www.finn.no/mobility/item/462489982,Bruktbil til salgs: Citroen E-SpaceTourer - 2021 - Svart - 136 hk - Flerbruksbil | FINN.no,Citroen E-SpaceTourer,75kWt L2 Shine,462489982,NA,370 468 kr,4 532 kr (avgifter),2021,Flerbruksbil,El,136 hk,65 000 km,75 kWh,NA,Automat,1 000 kg,Forhjulsdrift,2 065 kg,8,5,603 L,Svart,Norge,29.12.2027,Personbil,EC78339,29.12.2021,2,Nybilgaranti,NA,100000,Bruktbil til salgs,65000,75,330,136,1000,2065,603,NA,370468,75,0,FALSE,TRUE,TRUE,TRUE,FALSE,TRUE,TRUE,59.908400460010036,10.493201785290369,1351,Rud,Autoco Bærum AS,"5. mai 2026, 10:53 Del annonsen Rapporter annonse",20003,20045,Akershus,data/raw/html/item_462489982.html
https://www.finn.no/mobility/item/460885571,Bruktbil til salgs: Citroen SpaceTourer - 2024 - Hvit - 136 hk - Flerbruksbil | FINN.no,Citroen SpaceTourer,75kWt 6 seter MOMSFRADRAG VED LEASING/PÅSKEKAMPANJE,460885571,NA,NA,Fritatt (avgifter),2024,Flerbruksbil,El,136 hk,5 km,75 kWh,NA,Automat,1 000 kg,Forhjulsdrift,2 086 kg,6,5,603 L,Hvit,Norge,NA,Personbil,NA,24.06.2024,NA,Nybilgaranti,38,120000,Bruktbil til salgs,5,75,350,136,1000,2086,603,NA,NA,75,0,FALSE,FALSE,FALSE,TRUE,FALSE,TRUE,TRUE,59.909499,10.49477,NA,Rud,Birger N. Haug AS avd. Rud,"22. april 2026, 10:39 Referanse P277925 Del annonsen Rapporter annonse",20003,20045,Akershus,data/raw/html/item_460885571.html
https://www.finn.no/mobility/item/463485562,Bruktbil til salgs: Citroen SpaceTourer - 2026 - Svart - 136 hk - Flerbruksbil | FINN.no,Citroen SpaceTourer,340km 75kWt L3 Plus 9-seter/Ryggekamera/Navigasjon/ACC,463485562,NA,771 495 kr,7 505 kr (avgifter),2026,Flerbruksbil,El,136 hk,5 000 km,NA,NA,Automat,1 000 kg,Forhjulsdrift,2 332 kg,9,5,980 L,Svart,Norge,08.05.2030,Personbil,DS39230,08.05.2026,NA,Nybilgaranti,59,100000,Bruktbil til salgs,5000,75,340,136,1000,2332,980,NA,771495,75,340,FALSE,TRUE,FALSE,TRUE,TRUE,TRUE,TRUE,59.916098,10.790484,NA,Oslo,Mobile Oslo AS,"13. mai 2026, 16:07 Referanse VF7VSZKU8TZ033448 Del annonsen Rapporter annonse",20061,20456,Oslo,data/raw/html/item_463485562.html
https://www.finn.no/mobility/item/460131170,Bruktbil til salgs: Citroen C4 - 2019 - Hvit - 131 hk - Flerbruksbil | FINN.no,Citroen C4,Puretech 131hk AT | Navi | Ryggekamera | EU 05/27,460131170,NA,135 368 kr,4 532 kr (avgifter),2019,Flerbruksbil,Bensin,131 hk,107 849 km,NA,NA,Automat,1 300 kg,Forhjulsdrift,1 399 kg,7,5,NA,Hvit,Norge,NA,Personbil,BT95634,20.05.2019,2,Outlet (ingen garanti),NA,NA,Bruktbil til salgs,107849,NA,849,131,1300,1399,NA,NA,135368,NA,849,FALSE,FALSE,FALSE,TRUE,TRUE,TRUE,TRUE,59.397404,5.334735,NA,Haugesund,Bil-Kompaniet Haugesund,"16. april 2026, 14:32 Referanse 3466 Del annonsen Rapporter annonse",20012,20197,NA,data/raw/html/item_460131170.html
https://www.finn.no/mobility/item/453730792,Bruktbil til salgs: Citroen Grand C4 Spacetourer - 2019 - Hvit - 130 hk - Flerbruksbil | FINN.no,Citroen Grand C4 Spacetourer,BlueHDI 130 Shine aut - 7 SETER - TOPPMODELL,453730792,NA,170 368 kr,4 532 kr (avgifter),2019,Flerbruksbil,Diesel,130 hk,128 000 km,NA,NA,Automat,1 500 kg,Forhjulsdrift,1 430 kg,7,5,170 L,Hvit,Norge,07.01.2027,Personbil,AS59543,16.03.2019,NA,Bruktbilgaranti,3,3000,Bruktbil til salgs,128000,NA,0,130,1500,1430,170,NA,170368,NA,0,FALSE,FALSE,FALSE,TRUE,TRUE,TRUE,TRUE,59.288482,11.089453,NA,Sarpsborg,Mobile Sarpsborg AS,"22. april 2026, 15:05 Referanse VF73AYHZRJJ852208 Del annonsen Rapporter annonse",20002,20023,NA,data/raw/html/item_453730792.html
https://www.finn.no/mobility/item/460763516,Bruktbil til salgs: Citroen C4 - 2020 - Grå - 131 hk - Flerbruksbil | FINN.no,Citroen C4,131HK Aut Pano R.kam Massasje Lav km 360° ACC / Carplay,460763516,NA,194 468 kr,4 532 kr (avgifter),2020,Flerbruksbil,Diesel,131 hk,63 500 km,NA,NA,Manuell,1 700 kg,Forhjulsdrift,1 402 kg,5,5,NA,Grå,Norge,NA,Personbil,NA,03.07.2020,NA,Bruktbilgaranti 50/50,3,3000,Bruktbil til salgs,63500,NA,500,131,1700,1402,NA,NA,194468,NA,500,TRUE,TRUE,FALSE,TRUE,TRUE,TRUE,TRUE,60.559524,5.264894,NA,Isdalstø,Vest Motor AS,"11. mai 2026, 09:33 Referanse 3622 Del annonsen Rapporter annonse",22046,22109,NA,data/raw/html/item_460763516.html
https://www.finn.no/mobility/item/462533291,Bruktbil til salgs: Citroen Grand C4 Spacetourer - 2019 - Blå - 130 hk - Flerbruksbil | FINN.no,Citroen Grand C4 Spacetourer,PureTech 130 Shine Pack aut,462533291,NA,224 468 kr,4 532 kr (avgifter),2019,Flerbruksbil,Bensin,130 hk,98 500 km,NA,NA,Automat,NA,Forhjulsdrift,1 399 kg,7,5,130 L,Blå,Norge,07.02.2026,Personbil,BU15063,07.02.2020,NA,Bruktbilgaranti,6,6000,Bruktbil til salgs,98500,NA,500,130,NA,1399,130,NA,224468,NA,500,FALSE,FALSE,FALSE,TRUE,TRUE,TRUE,TRUE,66.30700304820942,14.13220905664669,8624,Mo i Rana,Bilalliansen AS,"5. mai 2026, 17:00 Referanse VF73AHNSRKJ733734 Del annonsen Rapporter annonse",20018,20383,Nordland,data/raw/html/item_462533291.html
https://www.finn.no/mobility/item/413302959,Bruktbil til salgs: Citroen Grand C4 Spacetourer - 2019 - Grå - 131 hk - Flerbruksbil | FINN.no,Citroen Grand C4 Spacetourer,131hk Automat/7-Seter/Pano/ACC/Kamera/Dab/Navigasjon/BT,413302959,NA,234 566 kr,4 434 kr (avgifter),2019,Flerbruksbil,Bensin,131 hk,59 993 km,NA,NA,Automat,1 300 kg,Forhjulsdrift,1 399 kg,7,5,NA,Grå,Norge,NA,Personbil,CF99310,20.06.2019,NA,Fragus GOSafe Complete,12,150000,Bruktbil til salgs,59993,NA,993,131,1300,1399,NA,NA,234566,NA,993,TRUE,TRUE,FALSE,TRUE,TRUE,TRUE,TRUE,60.514648,5.227445,NA,Frekhaug,Autosalg Vest AS,"3. mars 2026, 13:33 Referanse 2998 Del annonsen Rapporter annonse",22046,22109,NA,data/raw/html/item_413302959.html
https://www.finn.no/mobility/item/460486066,Bruktbil til salgs: Opel Zafira - 2022 - Hvit - 136 hk - Flerbruksbil | FINN.no,Opel Zafira,75kWh L2 Elegance | 6 seter | Skinn,460486066,NA,352 468 kr,4 532 kr (avgifter),2022,Flerbruksbil,El,136 hk,30 000 km,75 kWh,NA,Automat,1 000 kg,Forhjulsdrift,2 416 kg,6,5,NA,Hvit,Norge,10.11.2026,Personbil,EN86673,19.04.2022,NA,Bruktbilgaranti,19,200000,Bruktbil til salgs,30000,75,306,136,1000,2416,NA,NA,352468,75,0,FALSE,FALSE,FALSE,TRUE,TRUE,TRUE,TRUE,59.65165708865168,10.81385373995132,1435,Ås,NA,"14. mai 2026, 12:24 Del annonsen Rapporter annonse",20003,20041,Akershus,data/raw/html/item_460486066.html
https://www.finn.no/mobility/item/449163455,Bruktbil til salgs: Citroen SpaceTourer - 2019 - Sølv - 120 hk - Flerbruksbil | FINN.no,Citroen SpaceTourer,120hk Diesel 9-seter Personbil/Business/ 2x Skyvedør+++,449163455,NA,395 368 kr,4 532 kr (avgifter),2019,Flerbruksbil,Diesel,120 hk,73 778 km,NA,NA,Manuell,1 800 kg,Forhjulsdrift,1 648 kg,9,5,NA,Sølv,Norge,NA,Personbil,SV94796,31.01.2019,1,Fragus Mobility Basic,12,300000,Bruktbil til salgs,73778,NA,778,120,1800,1648,NA,NA,395368,NA,778,FALSE,FALSE,FALSE,FALSE,TRUE,TRUE,TRUE,59.811164127722286,10.79438932200601,1410,Kolbotn,Autospektrum AS Oslo,"2. mars 2026, 15:54 Referanse 4001 Del annonsen Rapporter annonse",20003,22104,Akershus,data/raw/html/item_449163455.html
https://www.finn.no/mobility/item/449164002,Bruktbil til salgs: Citroen SpaceTourer - 2018 - Grå - 177 hk - Flerbruksbil | FINN.no,Citroen SpaceTourer,177Hk 8-seter Exlusive/Massasje/Skinn/Navi/Panorama++,449164002,NA,445 368 kr,4 532 kr (avgifter),2018,Flerbruksbil,Diesel,177 hk,132 563 km,NA,NA,Automat,2 200 kg,Forhjulsdrift,1 669 kg,8,5,NA,Grå,Norge,NA,Personbil,RL33252,28.06.2018,2,Fragus Mobility Basic,12,300000,Bruktbil til salgs,132563,NA,563,177,2200,1669,NA,NA,445368,NA,563,TRUE,TRUE,TRUE,TRUE,TRUE,TRUE,TRUE,59.811164127722286,10.79438932200601,1410,Kolbotn,Autospektrum AS Oslo,"13. mai 2026, 12:38 Referanse 4064 Del annonsen Rapporter annonse",20003,22104,Akershus,data/raw/html/item_449164002.html
https://www.finn.no/mobility/item/450558416,Bruktbil til salgs: Citroen Grand C4 Spacetourer - 2019 - Hvit - 131 hk - Flerbruksbil | FINN.no,Citroen Grand C4 Spacetourer,Spacetourer/Krok /Pano/Kamera/7-seter/ACC/Automat,450558416,NA,194 566 kr,4 434 kr (avgifter),2019,Flerbruksbil,Bensin,131 hk,110 500 km,NA,NA,Automat,1 300 kg,Forhjulsdrift,1 399 kg,7,4,NA,Hvit,Norge,NA,Personbil,SD93511,29.10.2019,NA,Bruktbilgaranti,3,3000,Bruktbil til salgs,110500,NA,500,131,1300,1399,NA,NA,194566,NA,500,TRUE,TRUE,FALSE,TRUE,TRUE,TRUE,TRUE,59.529625,5.687182,NA,Øvre Vats,KNAPPHUS BIL AS,"13. mars 2026, 12:55 Del annonsen Rapporter annonse",20012,20219,NA,data/raw/html/item_450558416.html
https://www.finn.no/mobility/item/433519464,Bruktbil til salgs: Opel Zafira - 2021 - Hvit - 136 hk - Flerbruksbil | FINN.no,Opel Zafira,Life 9-Seter 50KWh 212km / Cruise / CarPlay / S+V / DAB,433519464,NA,234 468 kr,4 532 kr (avgifter),2021,Flerbruksbil,El,136 hk,99 000 km,50 kWh,NA,Automat,1 000 kg,Forhjulsdrift,2 194 kg,9,5,NA,Hvit,Norge,NA,Personbil,NA,26.11.2020,NA,garanti etter avtale (se annonsetekst - fra/maks),6,300000,Bruktbil til salgs,99000,50,212,136,1000,2194,NA,NA,234468,50,212,FALSE,FALSE,FALSE,FALSE,TRUE,TRUE,TRUE,60.80598650981171,11.050175638517086,2315,Hamar,Car4Sale AS,"11. mars 2026, 16:43 Referanse 11931 Del annonsen Rapporter annonse",22034,20063,Innlandet,data/raw/html/item_433519464.html
https://www.finn.no/mobility/item/460936892,Bruktbil til salgs: Opel Vivaro - 2020 - Hvit - 136 hk - Flerbruksbil | FINN.no,Opel Vivaro,Life/Vivaro/6 seter/50hwh/Kamera/,460936892,NA,NA,Fritatt (avgifter),2020,Flerbruksbil,El,136 hk,11 200 km,50 kWh,NA,Automat,1 000 kg,Forhjulsdrift,2 177 kg,9,NA,NA,Hvit,Norge,NA,Personbil,EP25466,30.10.2020,NA,Nybilgaranti fra 1. gang reg.,60,100000,Bruktbil til salgs,11200,50,214,136,1000,2177,NA,NA,NA,50,200,FALSE,FALSE,FALSE,FALSE,TRUE,TRUE,TRUE,60.315677,5.268882,NA,Søreidgrend,ECOCAR AS,"8. mai 2026, 18:09 Referanse 3835 Del annonsen Rapporter annonse",22046,20220,NA,data/raw/html/item_460936892.html
https://www.finn.no/mobility/item/462768464,Bruktbil til salgs: Opel Zafira - 2021 - Svart - 136 hk - Flerbruksbil | FINN.no,Opel Zafira,BRUKTBILKAMPANJE 136hk 50kWt 8- seter | Skinn,462768464,NA,274 468 kr,4 532 kr (avgifter),2021,Flerbruksbil,El,136 hk,80 000 km,46 kWh,NA,Automat,1 000 kg,Forhjulsdrift,1 894 kg,8,6,NA,Svart,Norge,NA,Personbil,EE28579,07.07.2022,NA,Bruktbil garanti,6,6000,Bruktbil til salgs,80000,46,207,136,1000,1894,NA,NA,274468,50,0,FALSE,TRUE,TRUE,TRUE,TRUE,TRUE,TRUE,62.470916,6.357525,NA,Ålesund,Auto 8-8 Ålesund AS,"7. mai 2026, 17:14 Referanse ca800c26-cb16-4a8d-9b26-781d0b957a61 Del annonsen Rapporter annonse",20015,20282,NA,data/raw/html/item_462768464.html
https://www.finn.no/mobility/item/461006616,Bruktbil til salgs: Opel Zafira - 2023 - Grå - 136 hk - Flerbruksbil | FINN.no,Opel Zafira,"El- L3 75kWh 136hk 8-seter, landets billigste, eu ok",461006616,NA,NA,Ikke oppgitt (avgifter),2023,Flerbruksbil,El,136 hk,153 444 km,75 kWh,NA,Automat,1 000 kg,Forhjulsdrift,2 092 kg,8,5,980 L,Grå,Norge,09.07.2026,Personbil,XD91171,27.09.2023,NA,Bruktbilgaranti,3,3000,Bruktbil til salgs,153444,75,311,136,1000,2092,980,NA,NA,75,444,FALSE,FALSE,FALSE,TRUE,TRUE,TRUE,TRUE,63.86839543574856,11.297664133278946,7670,Inderøy,Jætåsen Bil AS,"23. april 2026, 11:19 Del annonsen Rapporter annonse",20016,20354,Trøndelag/Nordland,data/raw/html/item_461006616.html
https://www.finn.no/mobility/item/459060409,Bruktbil til salgs: Opel Zafira - 2021 - Svart - 136 hk - Flerbruksbil | FINN.no,Opel Zafira,Elegance L3 50kWh 136hk,459060409,NA,315 000 kr,4 532 kr (avgifter),2021,Flerbruksbil,El,136 hk,56 660 km,50 kWh,NA,Automat,1 000 kg,Forhjulsdrift,2 092 kg,8,5,980 L,Svart,Norge,17.06.2027,Personbil,EE12612,15.12.2020,2,NA,NA,NA,Bruktbil til salgs,56660,50,230,136,1000,2092,980,NA,315000,50,660,FALSE,FALSE,TRUE,TRUE,FALSE,TRUE,TRUE,58.81642666884743,5.751628554301968,4324,Sandnes,NA,"5. mai 2026, 13:06 Del annonsen Rapporter annonse",20012,20195,Agder,data/raw/html/item_459060409.html
https://www.finn.no/mobility/item/436123185,Bruktbil til salgs: Opel Vivaro - 2022 - Hvit - 136 hk - Flerbruksbil | FINN.no,Opel Vivaro,Life/Vivaro/75kwh/8 seter/Lang-L3/Vårsalg!,436123185,NA,332 468 kr,4 532 kr (avgifter),2022,Flerbruksbil,El,136 hk,44 598 km,75 kWh,NA,Automat,1 000 kg,Forhjulsdrift,2 249 kg,8,NA,NA,Hvit,Norge,NA,Personbil,EP82171,11.01.2022,NA,Fragus Mobility Premium,24,200000,Bruktbil til salgs,44598,75,314,136,1000,2249,NA,NA,332468,75,598,FALSE,FALSE,FALSE,FALSE,TRUE,TRUE,TRUE,60.315677,5.268882,NA,Søreidgrend,ECOCAR AS,"8. mai 2026, 18:09 Referanse 3770 Del annonsen Rapporter annonse",22046,20220,NA,data/raw/html/item_436123185.html
https://www.finn.no/mobility/item/460970224,Bruktbil til salgs: Opel Zafira - 2022 - Grå - 136 hk - Flerbruksbil | FINN.no,Opel Zafira,Elegance L2 75kWh 136hk,460970224,NA,394 468 kr,4 532 kr (avgifter),2022,Flerbruksbil,El,136 hk,44 800 km,75 kWh,NA,Automat,1 000 kg,Forhjulsdrift,2 065 kg,8,5,550 L,Grå,Norge,28.11.2026,Personbil,EE78998,28.11.2022,1,Nybilgaranti,60,100000,Bruktbil til salgs,44800,75,329,136,1000,2065,550,NA,394468,75,800,TRUE,FALSE,FALSE,TRUE,TRUE,TRUE,TRUE,62.150502794654514,6.065592636373951,6102,Volda,NA,"12. mai 2026, 11:43 Del annonsen Rapporter annonse",20015,20288,Møre og Romsdal/Vestland,data/raw/html/item_460970224.html
https://www.finn.no/mobility/item/463476333,Bruktbil til salgs: Opel Zafira - 2023 - Hvit - 136 hk - Annet | FINN.no,Opel Zafira,LIFE/75kWh/L3/BUSINESS/9-SETER/CRUISE/R.KAM/XENON/NAVI,463476333,NA,422 395 kr,7 505 kr (avgifter),2023,Annet,El,136 hk,39 520 km,68 kWh,NA,Automat,1 000 kg,Forhjulsdrift,2 086 kg,9,6,NA,Hvit,Norge,NA,Personbil,EF66815,31.03.2023,NA,Nybilgaranti,22,100000,Bruktbil til salgs,39520,68,312,136,1000,2086,NA,NA,422395,75,520,TRUE,FALSE,FALSE,FALSE,TRUE,TRUE,TRUE,64.007125,11.494524,NA,Steinkjer,Slatlem Steinkjer AS,"13. mai 2026, 14:34 Referanse 86370e99-746d-451a-8818-23d0a6076de2 Del annonsen Rapporter annonse",20016,20343,NA,data/raw/html/item_463476333.html
https://www.finn.no/mobility/item/450759876,Bruktbil til salgs: Opel Zafira - 2025 - Svart - 136 hk - Flerbruksbil | FINN.no,Opel Zafira,NORSK GS L3 75KWH 8 SETER ACC CARPLAY MYOPEL APP KAMERA,450759876,NA,591 495 kr,7 505 kr (avgifter),2025,Flerbruksbil,El,136 hk,5 350 km,75 kWh,NA,Automat,1 000 kg,Forhjulsdrift,2 303 kg,8,5,980 L,Svart,Norge,NA,Personbil,EN66914,04.06.2025,1,Nybilgaranti,49,NA,Bruktbil til salgs,5350,75,350,136,1000,2303,980,NA,591495,75,350,FALSE,FALSE,FALSE,TRUE,TRUE,TRUE,TRUE,58.904326,5.693391,NA,Stavanger,Sven Kvia AS,"1. mai 2026, 19:43 Referanse S5776 Del annonsen Rapporter annonse",20012,20196,NA,data/raw/html/item_450759876.html
https://www.finn.no/mobility/item/459764946,Bruktbil til salgs: Peugeot Expert - 2021 - Grå - 136 hk - Flerbruksbil | FINN.no,Peugeot Expert,TRAVELLER / KROK / 360 KAMERA / NAVI / HUD / CC+++++,459764946,NA,284 468 kr,4 532 kr (avgifter),2021,Flerbruksbil,El,136 hk,29 000 km,NA,NA,Automat,1 000 kg,Forhjulsdrift,2 136 kg,6,5,NA,Grå,Norge,NA,Personbil,ED70854,25.05.2021,NA,Nybilgaranti fra 1. gang reg.,NA,NA,Bruktbil til salgs,29000,NA,214,136,1000,2136,NA,NA,284468,NA,0,TRUE,TRUE,TRUE,TRUE,TRUE,TRUE,TRUE,58.772961202202644,5.631066521502018,4352,Kleppe,Kyvik Auto AS,"11. mai 2026, 14:10 Referanse 5235 Del annonsen Rapporter annonse",20012,20202,Agder,data/raw/html/item_459764946.html
https://www.finn.no/mobility/item/459072453,Bruktbil til salgs: Peugeot Expert - 2018 - Grå - 150 hk - Flerbruksbil | FINN.no,Peugeot Expert,EXCLUSIVE 8-SETER 2.0 HDi 150HK/SKINN/PANO/LED/NAVI+++,459072453,NA,315 268 kr,4 532 kr (avgifter),2018,Flerbruksbil,Diesel,150 hk,164 000 km,NA,NA,Manuell,2 300 kg,Forhjulsdrift,1 630 kg,8,5,NA,Grå,Norge,NA,Personbil,KB48132,23.04.2018,NA,Bruktbilgaranti 50/50,3,3000,Bruktbil til salgs,164000,NA,0,150,2300,1630,NA,NA,315268,NA,0,FALSE,TRUE,FALSE,TRUE,TRUE,TRUE,TRUE,58.801519,5.730079,NA,Sandnes,Broom Bil AS,"27. april 2026, 15:59 Referanse 4984 Del annonsen Rapporter annonse",20012,20195,NA,data/raw/html/item_459072453.html
https://www.finn.no/mobility/item/459723398,Bruktbil til salgs: Peugeot e-Traveller - 2021 - Grå - 136 hk - Flerbruksbil | FINN.no,Peugeot e-Traveller,8 Seter / 330km / Skinn / Pano / ACC / HUD / Massasje +,459723398,NA,325 368 kr,4 532 kr (avgifter),2021,Flerbruksbil,El,136 hk,105 000 km,75 kWh,NA,Automat,1 000 kg,Forhjulsdrift,2 327 kg,8,5,NA,Grå,Norge,NA,Personbil,NA,18.10.2021,NA,garanti etter avtale (se annonsetekst - fra/maks),6,300000,Bruktbil til salgs,105000,75,330,136,1000,2327,NA,NA,325368,75,330,FALSE,TRUE,TRUE,TRUE,TRUE,TRUE,TRUE,60.13836310969308,11.166250045170658,2050,Jessheim,Car4Sale AS,"12. mai 2026, 12:24 Referanse 13585 Del annonsen Rapporter annonse",20003,20056,Akershus,data/raw/html/item_459723398.html
https://www.finn.no/mobility/item/460798037,Bruktbil til salgs: Peugeot e-Traveller - 2021 - Svart - 136 hk - Flerbruksbil | FINN.no,Peugeot e-Traveller,L2 Allure 75kWt,460798037,NA,335 000 kr,4 532 kr (avgifter),2021,Flerbruksbil,El,136 hk,74 000 km,75 kWh,NA,Automat,1 000 kg,Forhjulsdrift,2 065 kg,8,5,603 L,Svart,Norge,10.06.2027,Personbil,EC58941,10.06.2021,1,Nybilgaranti,1,100000,Bruktbil til salgs,74000,75,330,136,1000,2065,603,NA,335000,75,0,TRUE,FALSE,TRUE,TRUE,TRUE,TRUE,TRUE,62.465498273865634,6.113798689248467,6006,Ålesund,NA,"13. mai 2026, 13:51 Del annonsen Rapporter annonse",20015,20282,Møre og Romsdal/Vestland,data/raw/html/item_460798037.html
https://www.finn.no/mobility/item/458788597,Bruktbil til salgs: Peugeot e-Traveller - 2021 - Grå - 136 hk - Flerbruksbil | FINN.no,Peugeot e-Traveller,L2 Allure 75kWt,458788597,NA,335 000 kr,4 532 kr (avgifter),2021,Flerbruksbil,El,136 hk,135 000 km,75 kWh,NA,Automat,1 000 kg,Forhjulsdrift,2 065 kg,8,5,603 L,Grå,Norge,24.02.2027,Personbil,EC32142,24.02.2021,2,NA,NA,NA,Bruktbil til salgs,135000,75,330,136,1000,2065,603,NA,335000,75,0,TRUE,FALSE,TRUE,TRUE,TRUE,TRUE,TRUE,63.48420020046555,8.84470505183124,7246,Sandstad,NA,"5. mai 2026, 22:56 Del annonsen Rapporter annonse",20016,20321,Trøndelag/Nordland,data/raw/html/item_458788597.html
https://www.finn.no/mobility/item/463472940,Bruktbil til salgs: Peugeot e-Traveller - 2021 - Brun - 136 hk - Flerbruksbil | FINN.no,Peugeot e-Traveller,Allure / 7-SETER / SKINN / RYGGEKAMERA / GLASSTAK /,463472940,NA,344 468 kr,4 532 kr (avgifter),2021,Flerbruksbil,El,136 hk,70 000 km,68 kWh,NA,Automat,1 000 kg,Forhjulsdrift,2 314 kg,7,6,2 381 L,Brun,Norge,NA,Personbil,EC33852,24.03.2021,NA,NA,NA,NA,Bruktbil til salgs,70000,68,302,136,1000,2314,2381,NA,344468,75,0,TRUE,FALSE,FALSE,TRUE,TRUE,TRUE,TRUE,59.28581,11.081107,NA,Sarpsborg,Bertel O. Steen Sarpsborg,"13. mai 2026, 14:01 Referanse 5211ff2a-1e26-4647-a86b-98c75762263a Del annonsen Rapporter annonse",20002,20023,NA,data/raw/html/item_463472940.html
https://www.finn.no/mobility/item/463471877,Bruktbil til salgs: Peugeot e-Traveller - 2021 - Grå - 136 hk - Flerbruksbil | FINN.no,Peugeot e-Traveller,Allure / 8-SETER / SKINN / RYGGEKAMERA / GLASSTAK /,463471877,NA,344 468 kr,4 532 kr (avgifter),2021,Flerbruksbil,El,136 hk,63 900 km,68 kWh,NA,Automat,1 000 kg,Forhjulsdrift,2 092 kg,8,6,2 381 L,Grå,Norge,NA,Personbil,EC49592,10.05.2021,NA,NA,NA,NA,Bruktbil til salgs,63900,68,311,136,1000,2092,2381,NA,344468,75,900,TRUE,TRUE,TRUE,TRUE,TRUE,TRUE,TRUE,59.28581,11.081107,NA,Sarpsborg,Bertel O. Steen Sarpsborg,"13. mai 2026, 14:41 Referanse e7a20148-0fa8-4f9c-879a-15e1cfac1be3 Del annonsen Rapporter annonse",20002,20023,NA,data/raw/html/item_463471877.html
https://www.finn.no/mobility/item/462879973,Bruktbil til salgs: Peugeot e-Traveller - 2021 - Grå - Flerbruksbil | FINN.no,Peugeot e-Traveller,75 kWh L3 8 seter BIS | SKINN| EL.DØRER|,462879973,NA,344 468 kr,4 532 kr (avgifter),2021,Flerbruksbil,El,0 hk,79 800 km,75 kWh,NA,Automat,1 000 kg,Forhjulsdrift,2 322 kg,8,5,703 L,Grå,Norge,NA,Personbil,EC29237,13.09.2021,2,Bruktbilgaranti,3,3000,Bruktbil til salgs,79800,75,350,0,1000,2322,703,NA,344468,75,800,FALSE,TRUE,TRUE,TRUE,TRUE,TRUE,TRUE,63.582549,9.954368,NA,Rissa,Leira Bil AS / Sannan Bil AS,"8. mai 2026, 16:37 Del annonsen Rapporter annonse",20016,20325,NA,data/raw/html/item_462879973.html
https://www.finn.no/mobility/item/461145531,Bruktbil til salgs: Peugeot Traveller - 2017 - Svart - 177 hk - Flerbruksbil | FINN.no,Peugeot Traveller,2.0 177HK Exclusive 8.Seter/Krok/Massasje/Pano/Hud/Navi,461145531,NA,344 468 kr,4 532 kr (avgifter),2017,Flerbruksbil,Diesel,177 hk,172 215 km,NA,NA,Automat,2 000 kg,Forhjulsdrift,1 655 kg,8,5,NA,Svart,Norge,NA,Personbil,UF76632,20.06.2017,NA,Fragus Mobility Complete,12,200000,Bruktbil til salgs,172215,NA,215,177,2000,1655,NA,NA,344468,NA,215,TRUE,TRUE,TRUE,TRUE,TRUE,TRUE,TRUE,59.769307,9.901461,NA,Hokksund,Hokksund Auto AS,"6. mai 2026, 14:46 Referanse 3476 Del annonsen Rapporter annonse",20007,20123,NA,data/raw/html/item_461145531.html
https://www.finn.no/mobility/item/460911550,Bruktbil til salgs: Peugeot e-Traveller - 2021 - Hvit - 136 hk - Flerbruksbil | FINN.no,Peugeot e-Traveller,"136 hk | L2 | 9 seter | 30,5 mil WLP | H-feste |",460911550,NA,374 468 kr,4 532 kr (avgifter),2021,Flerbruksbil,El,136 hk,61 000 km,NA,NA,Automat,1 000 kg,Forhjulsdrift,2 375 kg,9,5,NA,Hvit,Norge,NA,Personbil,EC40924,03.04.2021,NA,Nybilgaranti fra 1. gang reg.,60,100000,Bruktbil til salgs,61000,NA,305,136,1000,2375,NA,NA,374468,NA,0,TRUE,FALSE,FALSE,FALSE,FALSE,TRUE,TRUE,58.296079,7.835082,NA,Øvrebø,DBBIL AS,"22. april 2026, 14:42 Referanse 3239 Del annonsen Rapporter annonse",22042,20183,NA,data/raw/html/item_460911550.html
https://www.finn.no/mobility/item/455979534,Bruktbil til salgs: Peugeot e-Traveller - 2022 - Grå - 136 hk - Kasse | FINN.no,Peugeot e-Traveller,L3 75 kWt Lane Assist/Fjernlysassistent/R.kamera,455979534,NA,384 468 kr,4 532 kr (avgifter),2022,Kasse,El,136 hk,54 500 km,68 kWh,NA,Automat,1 000 kg,Forhjulsdrift,2 086 kg,9,6,2 381 L,Grå,Norge,NA,Personbil,EE80741,25.11.2022,NA,Bruktbilgaranti,12,12000,Bruktbil til salgs,54500,68,314,136,1000,2086,2381,NA,384468,75,500,TRUE,FALSE,FALSE,FALSE,TRUE,TRUE,TRUE,59.576943,11.211077,NA,Askim,Andresen Bil Askim,"28. april 2026, 11:56 Referanse 5aa69ea7-71d3-43b1-a578-539819a6a3f6 Del annonsen Rapporter annonse",20002,22103,NA,data/raw/html/item_455979534.html
https://www.finn.no/mobility/item/462910944,Bruktbil til salgs: Peugeot e-Traveller - 2021 - Svart - 136 hk - Flerbruksbil | FINN.no,Peugeot e-Traveller,75 kWh Aut 8 SETER 2 El.Skyved/R.kam Skinn Pano Masasje,462910944,NA,395 000 kr,4 532 kr (avgifter),2021,Flerbruksbil,El,136 hk,69 575 km,NA,NA,Automat,1 000 kg,Forhjulsdrift,2 327 kg,8,NA,NA,Svart,Norge,NA,Personbil,NA,05.05.2021,NA,NA,NA,NA,Bruktbil til salgs,69575,75,311,136,1000,2327,NA,NA,395000,75,575,FALSE,TRUE,TRUE,TRUE,TRUE,TRUE,TRUE,59.93169640312724,10.778703049453599,0570,Oslo,OSLO AUTOSALG AS,"13. mai 2026, 03:46 Referanse 914 Del annonsen Rapporter annonse",20061,20456,Oslo,data/raw/html/item_462910944.html
https://www.finn.no/mobility/item/463442469,Bruktbil til salgs: Peugeot Traveller - 2021 - Grå - 136 hk - Flerbruksbil | FINN.no,Peugeot Traveller,136hk | 313km | L2 | 8 Seter | Kamera | Nybilgaranti,463442469,NA,395 368 kr,4 532 kr (avgifter),2021,Flerbruksbil,El,136 hk,24 373 km,NA,NA,Automat,1 000 kg,Forhjulsdrift,2 300 kg,8,5,NA,Grå,Norge,NA,Personbil,NA,19.10.2021,1,Nybilgaranti fra 1. gang reg.,60,100000,Bruktbil til salgs,24373,NA,313,136,1000,2300,NA,NA,395368,NA,313,TRUE,FALSE,FALSE,FALSE,TRUE,TRUE,TRUE,59.962387,11.047531,NA,Lillestrøm,Autotal Akershus AS,"13. mai 2026, 09:07 Referanse 2546 Del annonsen Rapporter annonse",20003,22105,Akershus,data/raw/html/item_463442469.html
https://www.finn.no/mobility/item/426629986,Bruktbil til salgs: Peugeot e-Traveller - 2021 - Grå - 136 hk - Flerbruksbil | FINN.no,Peugeot e-Traveller,75 kWh Aut 8 SETER 2 El.Skyved/R.kam Skinn Pano Masasje,426629986,NA,425 000 kr,4 918 kr (avgifter),2021,Flerbruksbil,El,136 hk,38 778 km,NA,NA,Automat,1 000 kg,Forhjulsdrift,2 295 kg,8,NA,NA,Grå,Norge,NA,Personbil,NA,27.04.2021,NA,NA,NA,NA,Bruktbil til salgs,38778,75,313,136,1000,2295,NA,NA,425000,75,778,TRUE,TRUE,TRUE,TRUE,TRUE,TRUE,TRUE,59.93169640312724,10.778703049453599,0570,Oslo,OSLO AUTOSALG AS,"8. mai 2026, 20:54 Referanse 910 Del annonsen Rapporter annonse",20061,20456,Oslo,data/raw/html/item_426629986.html
https://www.finn.no/mobility/item/459872339,Bruktbil til salgs: Peugeot Expert - 2012 - Grå - 163 hk - Flerbruksbil | FINN.no,Peugeot Expert,2.0D 163HK TEPEE TRAVELLER 9-SETER MANUELL KROK NORSK++,459872339,NA,97 958 kr,1 942 kr (avgifter),2012,Flerbruksbil,Diesel,163 hk,216 000 km,NA,NA,Manuell,2 000 kg,Forhjulsdrift,2 017 kg,9,5,NA,Grå,Norge,NA,Personbil,UX61697,30.05.2012,NA,Ingen garanti,NA,NA,Bruktbil til salgs,216000,NA,0,163,2000,2017,NA,NA,97958,NA,0,TRUE,FALSE,FALSE,FALSE,FALSE,TRUE,TRUE,60.177987,10.268199,NA,Hønefoss,Importservice Bil AS,"14. april 2026, 11:46 Referanse 6717 Del annonsen Rapporter annonse",20007,20112,NA,data/raw/html/item_459872339.html
https://www.finn.no/mobility/item/411196589,Bruktbil til salgs: Peugeot Traveller - 2019 - Grå - 150 hk - Flerbruksbil | FINN.no,Peugeot Traveller,"Allure L3 2,0 BlueHDI 150hk",411196589,NA,180 000 kr,4 434 kr (avgifter),2019,Flerbruksbil,Diesel,150 hk,254 642 km,NA,NA,Manuell,2 500 kg,Forhjulsdrift,1 759 kg,8,5,912 L,Grå,Norge,06.10.2025,Personbil,ZA20009,24.01.2019,1,NA,NA,NA,Bruktbil til salgs,254642,NA,642,150,2500,1759,912,NA,180000,NA,642,TRUE,FALSE,TRUE,FALSE,TRUE,TRUE,TRUE,68.48110174305607,16.88879066112573,8534,Liland,NA,"24. april 2026, 18:02 Del annonsen Rapporter annonse",20018,20399,Nordland,data/raw/html/item_411196589.html
https://www.finn.no/mobility/item/459360169,Bruktbil til salgs: Peugeot Traveller - 2018 - Grå - 120 hk - Flerbruksbil | FINN.no,Peugeot Traveller,120HK EXCLUSIVE 9-SETER LANG SKINN KROK NORSK BIL++,459360169,NA,334 468 kr,4 532 kr (avgifter),2018,Flerbruksbil,Diesel,120 hk,137 000 km,NA,NA,Manuell,1 800 kg,Forhjulsdrift,1 660 kg,9,5,NA,Grå,Norge,NA,Personbil,JV29697,14.12.2018,NA,Garanti 3 mnd.,3,3000,Bruktbil til salgs,137000,NA,0,120,1800,1660,NA,NA,334468,NA,0,TRUE,TRUE,FALSE,TRUE,TRUE,TRUE,TRUE,60.177987,10.268199,NA,Hønefoss,Importservice Bil AS,"10. april 2026, 15:34 Referanse 6793 Del annonsen Rapporter annonse",20007,20112,NA,data/raw/html/item_459360169.html
https://www.finn.no/mobility/item/462859014,Bruktbil til salgs: Peugeot Expert - 2018 - Grå - 177 hk | FINN.no,Peugeot Expert,Traveller 2.0 177HK 8 Seter / Aut / R.Kam / Krok / Weba,462859014,NA,354 468 kr,4 532 kr (avgifter),2018,NA,Diesel,177 hk,100 669 km,NA,NA,Automat,2 000 kg,Forhjulsdrift,1 655 kg,8,NA,NA,Grå,Norge,NA,Personbil,NA,23.03.2018,NA,Bruktbilgaranti 50/50,3,3000,Bruktbil til salgs,100669,NA,669,177,2000,1655,NA,NA,354468,NA,669,TRUE,TRUE,TRUE,TRUE,TRUE,TRUE,TRUE,58.78036,5.827479,NA,Figgjo,Autosenter Sandnes AS,"8. mai 2026, 13:27 Referanse 5577 Del annonsen Rapporter annonse",20012,20195,NA,data/raw/html/item_462859014.html
https://www.finn.no/mobility/item/455966866,Bruktbil til salgs: Peugeot Expert - 2017 - Brun - 176 hk - Annet | FINN.no,Peugeot Expert,"180 hk diesel, 2 tonn hengervekt!",455966866,NA,354 468 kr,4 532 kr (avgifter),2017,Annet,Diesel,176 hk,166 000 km,NA,NA,Automat,2 000 kg,Forhjulsdrift,1 655 kg,8,6,NA,Brun,Norge,NA,Personbil,XK26194,03.02.2017,NA,Bruktbilgaranti,3,3000,Bruktbil til salgs,166000,NA,0,176,2000,1655,NA,NA,354468,NA,0,TRUE,FALSE,FALSE,FALSE,FALSE,TRUE,TRUE,63.785831,11.459296,NA,Verdal,Bertel O. Steen Verdal,"11. mai 2026, 15:04 Referanse dfee08b5-56a8-4e45-9aae-d2fb5b22cc0c Del annonsen Rapporter annonse",20016,20350,NA,data/raw/html/item_455966866.html
https://www.finn.no/mobility/item/462602566,Bruktbil til salgs: Peugeot Traveller - 2017 - Grå - 177 hk - Flerbruksbil | FINN.no,Peugeot Traveller,177HK | Auto | 8 Seter| Ny service+Reg reim | Garanti*,462602566,NA,375 368 kr,4 532 kr (avgifter),2017,Flerbruksbil,Diesel,177 hk,157 900 km,NA,NA,Automat,2 000 kg,Forhjulsdrift,1 655 kg,8,NA,NA,Grå,Norge,NA,Personbil,NA,28.04.2017,NA,Bruktbilgaranti,12,200000,Bruktbil til salgs,157900,NA,900,177,2000,1655,NA,NA,375368,NA,900,TRUE,FALSE,TRUE,FALSE,TRUE,TRUE,TRUE,62.586181,9.691912,NA,Oppdal,Autotal AS,"6. mai 2026, 09:31 Referanse 9789 Del annonsen Rapporter annonse",20016,20330,NA,data/raw/html/item_462602566.html
https://www.finn.no/mobility/item/456255406,Bruktbil til salgs: Peugeot Traveller - 2021 - Beige - 177 hk - Kasse | FINN.no,Peugeot Traveller,L3 9-seter 177hk aut Hengerfeste/Lane Assist/R.kamera,456255406,NA,444 468 kr,4 532 kr (avgifter),2021,Kasse,Diesel,177 hk,82 900 km,NA,NA,Automat,2 300 kg,Forhjulsdrift,1 838 kg,9,6,2 381 L,Beige,Norge,NA,Personbil,BE29755,27.12.2021,NA,Nybilgaranti,9,100000,Bruktbil til salgs,82900,NA,900,177,2300,1838,2381,NA,444468,NA,900,TRUE,FALSE,FALSE,FALSE,TRUE,TRUE,TRUE,59.576943,11.211077,NA,Askim,Andresen Bil Askim,"19. mars 2026, 12:13 Referanse cc679f6c-b3eb-40d2-b6e1-9563b882caac Del annonsen Rapporter annonse",20002,22103,NA,data/raw/html/item_456255406.html
https://www.finn.no/mobility/item/450716896,Bruktbil til salgs: Peugeot Traveller - 2021 - Grå - 177 hk - Kasse | FINN.no,Peugeot Traveller,L3 aut 9-seter/Hengerfeste/R.kamera/,450716896,NA,444 468 kr,4 532 kr (avgifter),2021,Kasse,Diesel,177 hk,81 700 km,NA,NA,Automat,2 300 kg,Forhjulsdrift,1 838 kg,9,6,2 381 L,Grå,Norge,NA,Personbil,BE29756,27.12.2021,NA,Nybilgaranti,9,100000,Bruktbil til salgs,81700,NA,700,177,2300,1838,2381,NA,444468,NA,700,TRUE,FALSE,FALSE,FALSE,TRUE,TRUE,TRUE,59.576943,11.211077,NA,Askim,Andresen Bil Askim,"19. mars 2026, 12:32 Referanse 471c2912-26d9-45c9-b3da-2161eed5b9b4 Del annonsen Rapporter annonse",20002,22103,NA,data/raw/html/item_450716896.html
https://www.finn.no/mobility/item/448061643,Bruktbil til salgs: Peugeot Traveller - 2021 - Grå - 177 hk - Kasse | FINN.no,Peugeot Traveller,L3 9-seter aut Hengerfeste/Ryggekamera/Lane Assist/,448061643,NA,464 468 kr,4 532 kr (avgifter),2021,Kasse,Diesel,177 hk,78 800 km,NA,NA,Automat,2 300 kg,Forhjulsdrift,1 838 kg,9,6,2 381 L,Grå,Norge,NA,Personbil,BE29759,27.12.2021,NA,Bruktbilgaranti,12,12000,Bruktbil til salgs,78800,NA,800,177,2300,1838,2381,NA,464468,NA,800,TRUE,FALSE,FALSE,FALSE,TRUE,TRUE,TRUE,59.576943,11.211077,NA,Askim,Andresen Bil Askim,"26. januar 2026, 13:52 Referanse 93b73760-7ff9-4b53-aea7-11970bffe2a3 Del annonsen Rapporter annonse",20002,22103,NA,data/raw/html/item_448061643.html
https://www.finn.no/mobility/item/454795933,Bruktbil til salgs: Peugeot Traveller - 2020 - Grå - 177 hk - Flerbruksbil | FINN.no,Peugeot Traveller,177 hk Automat L2 Business 9-seter Ny service og EU,454795933,NA,485 368 kr,4 532 kr (avgifter),2020,Flerbruksbil,Diesel,177 hk,23 498 km,NA,NA,Automat,2 500 kg,Forhjulsdrift,1 974 kg,9,NA,NA,Grå,Norge,NA,Personbil,YT75096,31.08.2020,NA,Fragus GOSafe Complete,12,150000,Bruktbil til salgs,23498,NA,498,177,2500,1974,NA,NA,485368,NA,498,TRUE,FALSE,FALSE,TRUE,TRUE,TRUE,TRUE,59.930121,10.949297,NA,Lørenskog,BIL M AS,"8. april 2026, 12:11 Referanse 4096 Del annonsen Rapporter annonse",20003,20052,Akershus,data/raw/html/item_454795933.html
https://www.finn.no/mobility/item/444033754,Bruktbil til salgs: Peugeot Traveller - 2021 - Brun - 177 hk - Flerbruksbil | FINN.no,Peugeot Traveller,"177HK, L2, GLASSTAK, H.FESTE, SKINN, HEAD-UP",444033754,NA,524 468 kr,4 532 kr (avgifter),2021,Flerbruksbil,Diesel,177 hk,85 500 km,NA,NA,Automat,2 300 kg,Forhjulsdrift,1 838 kg,8,6,2 381 L,Brun,Norge,NA,Personbil,SX18910,11.03.2021,NA,Bruktbilgaranti (6mnd/6000km),6,6000,Bruktbil til salgs,85500,NA,500,177,2300,1838,2381,NA,524468,NA,500,TRUE,TRUE,TRUE,TRUE,TRUE,TRUE,TRUE,60.296732,5.253753,NA,Kokstad,Bertel O. Steen Kokstad,"13. mai 2026, 16:27 Referanse 551ebbd8-7686-4d47-8f32-9998aad23e8b Del annonsen Rapporter annonse",22046,20220,NA,data/raw/html/item_444033754.html
https://www.finn.no/mobility/item/457323175,Bruktbil til salgs: Peugeot Traveller - 2022 - Grå - 144 hk - Flerbruksbil | FINN.no,Peugeot Traveller,L3 aut 9-sete Cruisekontroll/AutoFjernlys/Lane Assist,457323175,NA,534 468 kr,4 532 kr (avgifter),2022,Flerbruksbil,Diesel,144 hk,51 200 km,NA,NA,Automat,1 900 kg,Forhjulsdrift,1 764 kg,9,6,2 381 L,Grå,Norge,NA,Personbil,BE31389,10.10.2022,NA,Nybilgaranti,19,100000,Bruktbil til salgs,51200,NA,200,144,1900,1764,2381,NA,534468,NA,200,TRUE,FALSE,FALSE,FALSE,FALSE,TRUE,TRUE,59.576943,11.211077,NA,Askim,Andresen Bil Askim,"25. mars 2026, 15:44 Referanse 70d11515-279c-446d-848d-db014930f719 Del annonsen Rapporter annonse",20002,22103,NA,data/raw/html/item_457323175.html
https://www.finn.no/mobility/item/457906888,Bruktbil til salgs: Toyota Proace City Verso - 2022 - Svart - 136 hk - Flerbruksbil | FINN.no,Toyota Proace City Verso,"Electric,7 seter,Navi,Cruise,Rattvarme,Pdc,App",457906888,NA,NA,Fritatt (avgifter),2022,Flerbruksbil,El,136 hk,62 000 km,NA,NA,Automat,NA,Forhjulsdrift,NA,7,5,NA,Svart,Norge,NA,Personbil,NA,29.08.2022,1,Bruktbilgaranti,24,200000,Bruktbil til salgs,62000,NA,269,136,NA,NA,NA,NA,NA,NA,0,FALSE,FALSE,TRUE,TRUE,TRUE,TRUE,TRUE,59.246806,10.987282,NA,Rolvsøy,Bilsalong 1 AS,"28. april 2026, 12:59 Referanse 3935 Del annonsen Rapporter annonse",20002,20024,NA,data/raw/html/item_457906888.html
https://www.finn.no/mobility/item/380539848,Bruktbil til salgs: Toyota Proace Verso - 2021 - Hvit - 136 hk - Flerbruksbil | FINN.no,Toyota Proace Verso,Electric Lang Executive Family,380539848,NA,312 000 kr,7 129 kr (avgifter),2021,Flerbruksbil,El,136 hk,134 000 km,75 kWh,NA,Automat,1 000 kg,Forhjulsdrift,2 092 kg,8,5,989 L,Hvit,Norge,26.05.2026,Personbil,ED17577,26.09.2021,1,Nybilgaranti,NA,200000,Bruktbil til salgs,134000,75,0,136,1000,2092,989,NA,312000,75,0,FALSE,FALSE,TRUE,TRUE,TRUE,TRUE,TRUE,60.37806042296774,5.1985329551003785,5179,Godvik,Taxi 1 AS,"12. mars 2026, 10:51 Del annonsen Rapporter annonse",22046,20220,Rogaland/Vestland,data/raw/html/item_380539848.html
https://www.finn.no/mobility/item/456933969,Bruktbil til salgs: Toyota Proace Verso - 2024 - Svart - 136 hk | FINN.no,Toyota Proace Verso,Electric Cruise/Navi/Kamera/Dab+,456933969,NA,NA,Fritatt (avgifter),2024,NA,El,136 hk,2 100 km,NA,NA,Automat,1 000 kg,Forhjulsdrift,2 092 kg,5,5,NA,Svart,Norge,NA,Personbil,EP67017,22.02.2024,NA,Nybilgaranti fra 1. gang reg.,60,100000,Bruktbil til salgs,2100,NA,100,136,1000,2092,NA,NA,NA,NA,100,FALSE,FALSE,FALSE,FALSE,TRUE,TRUE,TRUE,59.240033,10.982871,NA,Fredrikstad,Dahles Auto Råbekken,"23. mars 2026, 09:00 Referanse 2962 Del annonsen Rapporter annonse",20002,20024,NA,data/raw/html/item_456933969.html
https://www.finn.no/mobility/item/460631675,Bruktbil til salgs: Toyota Proace Verso - 2022 - Grå - 136 hk - Flerbruksbil | FINN.no,Toyota Proace Verso,Family/8-seter -HUD| lav km| massasje,460631675,NA,405 368 kr,4 532 kr (avgifter),2022,Flerbruksbil,El,136 hk,19 084 km,50 kWh,NA,Automat,1 000 kg,Forhjulsdrift,1 894 kg,8,6,900 L,Grå,Norge,NA,Personbil,EE43471,28.09.2022,NA,Resterende Nybilgaranti,11,200000,Bruktbil til salgs,19084,50,217,136,1000,1894,900,NA,405368,50,84,FALSE,TRUE,TRUE,TRUE,TRUE,TRUE,TRUE,67.279154,14.424413,NA,Bodø,Nordvik AS - Bodø,"11. mai 2026, 09:03 Referanse b951dc61-88f7-48b6-8a4d-32f991aedffe Del annonsen Rapporter annonse",20018,20367,NA,data/raw/html/item_460631675.html
https://www.finn.no/mobility/item/460240451,Bruktbil til salgs: Toyota Proace Verso - 2024 - Sølv - 136 hk | FINN.no,Toyota Proace Verso,Electric 8-Seter ACC/Oppv.ratt/Navi/Kam/Dab+/Krok,460240451,NA,NA,Fritatt (avgifter),2024,NA,El,136 hk,2 400 km,NA,NA,Automat,1 000 kg,Forhjulsdrift,2 252 kg,8,5,NA,Sølv,Norge,NA,Personbil,EP85506,18.06.2024,NA,Nybilgaranti fra 1. gang reg.,NA,NA,Bruktbil til salgs,2400,NA,316,136,1000,2252,NA,NA,NA,NA,400,TRUE,FALSE,FALSE,FALSE,FALSE,TRUE,TRUE,59.415976,10.687152,NA,Moss,Dahles Auto Moss AS,"17. april 2026, 13:07 Referanse 4407 Del annonsen Rapporter annonse",20002,20022,NA,data/raw/html/item_460240451.html
https://www.finn.no/mobility/item/459852675,Bruktbil til salgs: Toyota Proace Verso - 2024 - Grå - 136 hk | FINN.no,Toyota Proace Verso,Electric 8-Seter ACC/Oppv.ratt/Navi/Kam/Dab+,459852675,NA,NA,Fritatt (avgifter),2024,NA,El,136 hk,3 500 km,NA,NA,Automat,1 000 kg,Forhjulsdrift,2 136 kg,8,5,NA,Grå,Norge,NA,Personbil,EP67023,06.06.2024,NA,Nybilgaranti fra 1. gang reg.,60,100000,Bruktbil til salgs,3500,NA,340,136,1000,2136,NA,NA,NA,NA,500,FALSE,FALSE,FALSE,FALSE,TRUE,TRUE,TRUE,59.240033,10.982871,NA,Fredrikstad,Dahles Auto Råbekken,"14. april 2026, 08:59 Referanse 2961 Del annonsen Rapporter annonse",20002,20024,NA,data/raw/html/item_459852675.html
https://www.finn.no/mobility/item/459405352,Bruktbil til salgs: Toyota Proace Verso - 2023 - Brun - 136 hk - Annet | FINN.no,Toyota Proace Verso,Electric Lang Executive Shuttle,459405352,NA,592 395 kr,7 505 kr (avgifter),2023,Annet,El,136 hk,10 000 km,75 kWh,NA,Automat,1 000 kg,Forhjulsdrift,2 086 kg,9,4,900 L,Brun,Norge,NA,Personbil,EE10831,21.04.2023,NA,"Toyota Relax, opp til 10år/200.000km",24,200000,Bruktbil til salgs,10000,75,310,136,1000,2086,900,NA,592395,75,0,FALSE,FALSE,TRUE,TRUE,TRUE,TRUE,TRUE,66.320996,14.174848,NA,Mo i Rana,Nordvik AS - Mo i Rana,"11. mai 2026, 09:21 Referanse 205caf5b-7208-4378-bda9-59ef4576e25b Del annonsen Rapporter annonse",20018,20383,NA,data/raw/html/item_459405352.html
https://www.finn.no/mobility/item/461492193,Bruktbil til salgs: Toyota Proace Verso - 2025 - Grå - 136 hk | FINN.no,Toyota Proace Verso,Electric Lang 9-Seter/Cruise/Oppv.ratt/Navi/Kam/Dab+,461492193,NA,NA,Fritatt (avgifter),2025,NA,El,136 hk,300 km,NA,NA,Automat,1 000 kg,Forhjulsdrift,2 166 kg,9,5,NA,Grå,Norge,NA,Personbil,EP67019,23.06.2025,NA,Garanti 5 år ihht nybilgaranti til leverandør,60,100000,Bruktbil til salgs,300,NA,340,136,1000,2166,NA,NA,NA,NA,300,FALSE,FALSE,FALSE,FALSE,TRUE,TRUE,TRUE,59.240033,10.982871,NA,Fredrikstad,Dahles Auto Råbekken,"27. april 2026, 08:46 Referanse 2954 Del annonsen Rapporter annonse",20002,20024,NA,data/raw/html/item_461492193.html
https://www.finn.no/mobility/item/437148373,Bruktbil til salgs: Toyota Proace Verso - 2024 - Grå - 136 hk - Flerbruksbil | FINN.no,Toyota Proace Verso,Electric Lang Executive Family,437148373,NA,651 495 kr,7 505 kr (avgifter),2024,Flerbruksbil,El,136 hk,20 000 km,75 kWh,NA,Automat,1 000 kg,Forhjulsdrift,2 092 kg,8,5,989 L,Grå,Norge,24.05.2028,Personbil,EH78684,24.05.2024,1,Nybilgaranti,37,200000,Bruktbil til salgs,20000,75,309,136,1000,2092,989,NA,651495,75,0,FALSE,TRUE,FALSE,TRUE,FALSE,TRUE,TRUE,59.768975,9.89871,NA,Hokksund,Toyota Hokksund,"24. april 2026, 09:08 Referanse aa868545-c013-4eb9-9b12-47c389a8a6ec Del annonsen Rapporter annonse",20007,20123,NA,data/raw/html/item_437148373.html
https://www.finn.no/mobility/item/463335323,Leasing: Toyota Proace Verso - 2021 - Hvit - 177 hk - Flerbruksbil | FINN.no,Toyota Proace Verso,"Lang 2,0 Shuttle 9seter/INNBYTTE KAMPANJE",463335323,NA,NA,NA,2021,Flerbruksbil,Diesel,177 hk,93 550 km,NA,NA,Automat,1 900 kg,Forhjulsdrift,2 013 kg,7,4,980 L,Hvit,Norge,NA,Personbil,RL64709,16.12.2021,NA,Bruktbilgaranti,12,10000,Leasing,93550,NA,550,177,1900,2013,980,NA,NA,NA,550,FALSE,FALSE,TRUE,TRUE,TRUE,TRUE,TRUE,58.480869,5.999123,NA,Egersund,Bøgh Hafsø Bilforretning AS,"13. mai 2026, 09:52 Referanse f647fdb2-8508-4f4d-a378-2abe8533efa0 Del annonsen Rapporter annonse",20012,20194,NA,data/raw/html/item_463335323.html
https://www.finn.no/mobility/item/435433086,Bruktbil til salgs: Toyota Proace Verso - 2017 - Grå - 177 hk - Flerbruksbil | FINN.no,Toyota Proace Verso,9-SETER 2.0D 177HK AUTO F1 LANG PANO SKINN HUD ++,435433086,NA,244 468 kr,4 532 kr (avgifter),2017,Flerbruksbil,Diesel,177 hk,300 000 km,NA,NA,Automat,2 000 kg,Forhjulsdrift,1 719 kg,9,6,NA,Grå,Norge,NA,Personbil,NA,NA,NA,NA,NA,NA,Bruktbil til salgs,300000,NA,0,177,2000,1719,NA,NA,244468,NA,0,TRUE,TRUE,TRUE,TRUE,TRUE,TRUE,TRUE,58.944196,5.750315,NA,Stavanger,AutoWagon AS,"25. april 2026, 11:54 Del annonsen Rapporter annonse",20012,20196,NA,data/raw/html/item_435433086.html
https://www.finn.no/mobility/item/460810569,Bruktbil til salgs: Toyota Proace Verso - 2017 - Hvit - 116 hk - Flerbruksbil | FINN.no,Toyota Proace Verso,"Lang 1,6D 116 Executive Shuttle",460810569,NA,245 467 kr,4 532 kr (avgifter),2017,Flerbruksbil,Diesel,116 hk,95 600 km,NA,NA,Manuell,1 800 kg,Forhjulsdrift,1 626 kg,9,5,980 L,Hvit,Norge,03.08.2027,Personbil,KU11894,17.10.2017,NA,NA,NA,NA,Bruktbil til salgs,95600,NA,600,116,1800,1626,980,NA,245467,NA,600,TRUE,FALSE,TRUE,TRUE,TRUE,TRUE,TRUE,68.7863982432785,16.580009021981688,9409,Harstad,NA,"29. april 2026, 06:57 Del annonsen Rapporter annonse",20019,20412,Troms/Finnmark,data/raw/html/item_460810569.html
https://www.finn.no/mobility/item/415484378,Bruktbil til salgs: Toyota Proace Verso - 2017 - Hvit - 116 hk - Flerbruksbil | FINN.no,Toyota Proace Verso,"Lang 1,6D 116 Executive Shuttle, Head-up Display",415484378,NA,289 000 kr,4 434 kr (avgifter),2017,Flerbruksbil,Diesel,116 hk,162 200 km,NA,NA,Manuell,1 800 kg,Forhjulsdrift,1 626 kg,9,5,980 L,Hvit,Norge,30.09.2027,Personbil,DR39659,17.11.2017,2,Bruktbilgaranti,NA,NA,Bruktbil til salgs,162200,NA,200,116,1800,1626,980,NA,289000,NA,200,TRUE,FALSE,TRUE,FALSE,TRUE,TRUE,TRUE,59.41610026062835,5.268010608908353,5525,Haugesund,NA,"12. mai 2026, 08:12 Del annonsen Rapporter annonse",20012,20197,Rogaland/Vestland,data/raw/html/item_415484378.html
https://www.finn.no/mobility/item/451671619,Bruktbil til salgs: Toyota Proace Verso - 2019 - Grå - 120 hk - Flerbruksbil | FINN.no,Toyota Proace Verso,9 Seter Med Kamera/Hud/Navi/Acc/Keyless/Pdc/BT/Dab/Krok,451671619,NA,295 368 kr,4 532 kr (avgifter),2019,Flerbruksbil,Diesel,120 hk,140 200 km,NA,NA,Manuell,1 800 kg,Forhjulsdrift,1 660 kg,9,5,NA,Grå,Norge,NA,Personbil,YA71293,15.08.2019,NA,Bruktbilgaranti,NA,NA,Bruktbil til salgs,140200,NA,200,120,1800,1660,NA,NA,295368,NA,200,TRUE,FALSE,TRUE,FALSE,TRUE,TRUE,TRUE,59.243574,10.978274,NA,Fredrikstad,Bare Bil AS,"18. februar 2026, 16:17 Referanse 7987 Del annonsen Rapporter annonse",20002,20024,NA,data/raw/html/item_451671619.html
https://www.finn.no/mobility/item/455715327,Bruktbil til salgs: Toyota Proace - 2017 - Brun - 116 hk - Flerbruksbil | FINN.no,Toyota Proace,1.6D 116HK 9-SETER KROK NAVI DAB SETEVARME KLIMA+++,455715327,NA,314 468 kr,4 532 kr (avgifter),2017,Flerbruksbil,Diesel,116 hk,144 904 km,NA,NA,Manuell,1 800 kg,Forhjulsdrift,1 626 kg,9,NA,NA,Brun,Norge,NA,Personbil,NV72676,20.06.2017,NA,NA,NA,NA,Bruktbil til salgs,144904,NA,904,116,1800,1626,NA,NA,314468,NA,904,TRUE,FALSE,TRUE,FALSE,FALSE,TRUE,TRUE,59.180153,9.623554,NA,Skien,BilCenteret AS,"16. mars 2026, 00:11 Referanse 4012 Del annonsen Rapporter annonse",20009,20147,NA,data/raw/html/item_455715327.html
https://www.finn.no/mobility/item/446261300,Bruktbil til salgs: Toyota Proace Verso - 2019 - Grå - 120 hk - Flerbruksbil | FINN.no,Toyota Proace Verso,9-SETER DIESEL LANG 2XSKYVEDØRER NAVI GARANTI+++,446261300,NA,350 468 kr,4 532 kr (avgifter),2019,Flerbruksbil,Diesel,120 hk,99 500 km,NA,NA,Manuell,1 800 kg,Forhjulsdrift,1 660 kg,9,5,NA,Grå,Norge,NA,Personbil,RL40037,24.04.2019,2,Car Protect Eksklusiv fossil brukt 2025,12,200000,Bruktbil til salgs,99500,NA,500,120,1800,1660,NA,NA,350468,NA,500,TRUE,FALSE,TRUE,TRUE,TRUE,TRUE,TRUE,59.962387,11.047531,NA,Lillestrøm,HANEBORG AUTO AS,"13. mai 2026, 15:42 Referanse 2181 Del annonsen Rapporter annonse",20003,22105,Akershus,data/raw/html/item_446261300.html
https://www.finn.no/mobility/item/453745299,Bruktbil til salgs: Toyota Proace Verso - 2021 - Grå - 120 hk - Flerbruksbil | FINN.no,Toyota Proace Verso,"Lang 1,5D 120 Executive Shuttle man",453745299,NA,355 400 kr,4 532 kr (avgifter),2021,Flerbruksbil,Diesel,120 hk,71 000 km,NA,NA,Manuell,1 800 kg,Forhjulsdrift,1 660 kg,9,5,980 L,Grå,Norge,20.01.2028,Personbil,FT70120,27.12.2021,1,Nybilgaranti,NA,NA,Bruktbil til salgs,71000,NA,0,120,1800,1660,980,NA,355400,NA,0,FALSE,FALSE,TRUE,TRUE,TRUE,TRUE,TRUE,59.305901243228405,10.17649525169453,3158,Andebu,VERDIHANDEL AS,"13. april 2026, 16:50 Del annonsen Rapporter annonse",20008,20134,Buskerud/Vestfold/Telemark,data/raw/html/item_453745299.html
https://www.finn.no/mobility/item/460916000,Bruktbil til salgs: Toyota Proace - 2018 - Grå - 120 hk - Flerbruksbil | FINN.no,Toyota Proace,9-seter/Krok/Relax-garanti/Ny reg.kjede/Ny service,460916000,NA,365 368 kr,4 532 kr (avgifter),2018,Flerbruksbil,Diesel,120 hk,67 200 km,NA,NA,Manuell,1 800 kg,Forhjulsdrift,1 660 kg,9,NA,NA,Grå,Norge,NA,Personbil,NA,09.10.2018,NA,Bruktbilgaranti,12,NA,Bruktbil til salgs,67200,NA,200,120,1800,1660,NA,NA,365368,NA,200,TRUE,FALSE,FALSE,FALSE,TRUE,TRUE,TRUE,63.425945,10.470863,NA,Trondheim,LYSHOLM BIL BUDGET AS TRONDHEIM,"23. april 2026, 13:30 Referanse 2839 Del annonsen Rapporter annonse",20016,20318,NA,data/raw/html/item_460916000.html
https://www.finn.no/mobility/item/460882122,Bruktbil til salgs: Toyota Proace Verso - 2017 - Sølv - 177 hk - Flerbruksbil | FINN.no,Toyota Proace Verso,2.0D 177HK AUTOMAT EXECUTIVE LANG 9 SETER,460882122,NA,374 468 kr,4 532 kr (avgifter),2017,Flerbruksbil,Diesel,177 hk,145 000 km,NA,NA,Automat,2 000 kg,Forhjulsdrift,1 719 kg,9,5,NA,Sølv,Norge,NA,Personbil,UA36680,29.06.2017,NA,Bruktbilgaranti,3,5000,Bruktbil til salgs,145000,NA,0,177,2000,1719,NA,NA,374468,NA,0,FALSE,TRUE,TRUE,TRUE,TRUE,TRUE,TRUE,59.796181,10.82626,NA,Sofiemyr,Varebil No AS,"7. mai 2026, 10:16 Referanse 2757 Del annonsen Rapporter annonse",20003,22104,Akershus,data/raw/html/item_460882122.html
https://www.finn.no/mobility/item/416957247,Bruktbil til salgs: Toyota Proace Verso - 2018 - Svart - 120 hk - Kasse | FINN.no,Toyota Proace Verso,"9 Seter, Lang Utgave",416957247,NA,374 566 kr,4 434 kr (avgifter),2018,Kasse,Diesel,120 hk,119 982 km,NA,NA,Manuell,1 800 kg,Forhjulsdrift,1 660 kg,9,5,NA,Svart,Norge,02.09.2026,Personbil,AS59078,29.11.2018,1,NA,NA,NA,Bruktbil til salgs,119982,NA,982,120,1800,1660,NA,NA,374566,NA,982,FALSE,FALSE,TRUE,FALSE,TRUE,TRUE,TRUE,59.20420661237507,10.955714312244453,1631,Gamle Fredrikstad,Pers Utleieservice AS,"4. februar 2026, 09:35 Del annonsen Rapporter annonse",20002,20024,Akershus/Østfold,data/raw/html/item_416957247.html
https://www.finn.no/mobility/item/462929678,Bruktbil til salgs: Toyota Proace Verso - 2017 - Brun - 116 hk - Flerbruksbil | FINN.no,Toyota Proace Verso,"Medium 1,6D 116 Executive Family",462929678,NA,375 000 kr,4 532 kr (avgifter),2017,Flerbruksbil,Diesel,116 hk,82 689 km,NA,NA,Manuell,1 800 kg,Forhjulsdrift,1 571 kg,8,5,550 L,Brun,Norge,26.10.2027,Personbil,XV70559,16.11.2017,2,NA,NA,NA,Bruktbil til salgs,82689,NA,689,116,1800,1571,550,NA,375000,NA,689,TRUE,FALSE,TRUE,TRUE,TRUE,TRUE,TRUE,63.86839543574856,11.297664133278946,7670,Inderøy,NA,"9. mai 2026, 06:47 Del annonsen Rapporter annonse",20016,20354,Trøndelag/Nordland,data/raw/html/item_462929678.html
https://www.finn.no/mobility/item/460672330,Bruktbil til salgs: Toyota Proace Verso - 2021 - Grå - 120 hk - Kasse | FINN.no,Toyota Proace Verso,Lang Executive / R.kam /Webasto / CarPlay / HUD,460672330,NA,393 468 kr,4 532 kr (avgifter),2021,Kasse,Diesel,120 hk,65 000 km,NA,NA,Manuell,1 400 kg,Forhjulsdrift,1 659 kg,9,5,NA,Grå,Norge,NA,Personbil,NA,27.01.2021,1,Car Protect Eksklusiv fossil brukt 2025,12,180000,Bruktbil til salgs,65000,NA,0,120,1400,1659,NA,NA,393468,NA,0,FALSE,FALSE,TRUE,FALSE,TRUE,TRUE,TRUE,58.170636,8.115572,NA,Kristiansand S,Premium Auto AS,"22. april 2026, 10:12 Referanse 4934 Del annonsen Rapporter annonse",22042,20179,NA,data/raw/html/item_460672330.html
https://www.finn.no/mobility/item/460127581,Bruktbil til salgs: Toyota Proace Verso - 2018 - Grå - 177 hk - Flerbruksbil | FINN.no,Toyota Proace Verso,Lang 2.0 177HK/8Seter/Krok/Massasje/Pano/Hud/Navi/Dab,460127581,NA,394 468 kr,4 532 kr (avgifter),2018,Flerbruksbil,Diesel,177 hk,156 750 km,NA,NA,Automat,2 000 kg,Forhjulsdrift,1 705 kg,8,5,NA,Grå,Norge,NA,Personbil,XD88099,11.01.2018,NA,Fragus Mobility Complete,12,200000,Bruktbil til salgs,156750,NA,750,177,2000,1705,NA,NA,394468,NA,750,TRUE,TRUE,TRUE,TRUE,TRUE,TRUE,TRUE,59.769307,9.901461,NA,Hokksund,Hokksund Auto AS,"16. april 2026, 14:02 Referanse 3466 Del annonsen Rapporter annonse",20007,20123,NA,data/raw/html/item_460127581.html
https://www.finn.no/mobility/item/457411576,Bruktbil til salgs: Toyota Proace Verso - 2018 - Grå - 177 hk - Flerbruksbil | FINN.no,Toyota Proace Verso,"Lang 2,0D 177 Executive Family aut",457411576,NA,395 000 kr,4 532 kr (avgifter),2018,Flerbruksbil,Diesel,177 hk,88 000 km,NA,NA,Automat,2 500 kg,Forhjulsdrift,1 770 kg,8,5,980 L,Grå,Norge,27.10.2027,Personbil,ZP47374,08.10.2018,1,NA,NA,NA,Bruktbil til salgs,88000,NA,0,177,2500,1770,980,NA,395000,NA,0,FALSE,FALSE,TRUE,TRUE,TRUE,TRUE,TRUE,69.66822142533674,18.967082835962792,9010,Tromsø,NA,"9. april 2026, 19:52 Del annonsen Rapporter annonse",20019,20413,Troms/Finnmark,data/raw/html/item_457411576.html
https://www.finn.no/mobility/item/459434541,Bruktbil til salgs: Toyota Proace Verso - 2019 - Grå - Flerbruksbil | FINN.no,Toyota Proace Verso,Family,459434541,NA,414 468 kr,4 532 kr (avgifter),2019,Flerbruksbil,Diesel,NA,95 500 km,NA,NA,Automat,1 800 kg,Forhjulsdrift,1 571 kg,8,NA,1 300 L,Grå,Norge,07.05.2027,Personbil,SV97525,07.05.2019,2,NA,NA,NA,Bruktbil til salgs,95500,NA,500,NA,1800,1571,1300,NA,414468,NA,500,TRUE,TRUE,TRUE,TRUE,FALSE,TRUE,TRUE,59.21620361113495,9.516194996752894,3720,Skien,NA,"7. mai 2026, 22:42 Del annonsen Rapporter annonse",20009,20147,Buskerud/Vestfold/Telemark,data/raw/html/item_459434541.html
https://www.finn.no/mobility/item/460973670,Bruktbil til salgs: Toyota Proace Verso - 2021 - Grå - 177 hk - Flerbruksbil | FINN.no,Toyota Proace Verso,"Lang 2,0D 177 Executive Family",460973670,NA,435 000 kr,4 532 kr (avgifter),2021,Flerbruksbil,Diesel,177 hk,202 000 km,NA,NA,Automat,2 500 kg,Forhjulsdrift,1 770 kg,8,5,980 L,Grå,Norge,09.02.2027,Personbil,DR91332,09.02.2021,NA,NA,NA,NA,Bruktbil til salgs,202000,NA,0,177,2500,1770,980,NA,435000,NA,0,FALSE,FALSE,TRUE,TRUE,TRUE,TRUE,TRUE,59.81889874922708,11.482500559021984,1963,Fosser,Bilmix AS,"12. mai 2026, 22:55 Del annonsen Rapporter annonse",20003,20047,Akershus,data/raw/html/item_460973670.html
https://www.finn.no/mobility/item/463374280,Bruktbil til salgs: Toyota Proace Verso - 2022 - Grå - 177 hk - Annet | FINN.no,Toyota Proace Verso,"Verso 2,0D-177HK Aut.9-seter, Dieselvarmer, R.kamera",463374280,NA,444 468 kr,4 532 kr (avgifter),2022,Annet,Diesel,177 hk,96 200 km,NA,NA,Automat,1 900 kg,Forhjulsdrift,1 727 kg,9,6,NA,Grå,Norge,NA,Personbil,YF19641,19.05.2022,NA,Resterende Nybilgaranti,12,200000,Bruktbil til salgs,96200,NA,200,177,1900,1727,NA,NA,444468,NA,200,TRUE,FALSE,FALSE,FALSE,TRUE,TRUE,TRUE,59.121787,11.293455,NA,Halden,Jensen & Scheele Outlet,"12. mai 2026, 16:00 Referanse bd59b639-6003-4026-9684-bad7454e61cc Del annonsen Rapporter annonse",20002,20021,NA,data/raw/html/item_463374280.html
https://www.finn.no/mobility/item/455752101,Bruktbil til salgs: Toyota Proace Verso - 2022 - Grå - 120 hk - Flerbruksbil | FINN.no,Toyota Proace Verso,"Lang 1,5D 120 Executive Shuttle man, H.FESTE/P.VARMER,",455752101,NA,470 468 kr,4 532 kr (avgifter),2022,Flerbruksbil,Diesel,120 hk,43 560 km,NA,NA,Manuell,1 400 kg,Forhjulsdrift,1 917 kg,9,5,980 L,Grå,Norge,31.10.2026,Personbil,AE63927,31.10.2022,NA,Nybilgaranti,19,200000,Bruktbil til salgs,43560,NA,560,120,1400,1917,980,NA,470468,NA,560,TRUE,FALSE,FALSE,TRUE,FALSE,TRUE,TRUE,59.262129,11.098425,NA,Torp,Toyota Sarpsborg og Halden,"12. mai 2026, 11:27 Referanse 0e9080ff-8e9f-4610-a518-9f8d9959cd7d Del annonsen Rapporter annonse",20002,20024,NA,data/raw/html/item_455752101.html
https://www.finn.no/mobility/item/452551292,Bruktbil til salgs: Toyota Proace Verso - 2020 - Hvit - 177 hk - Flerbruksbil | FINN.no,Toyota Proace Verso,"Lang 2,0D 177 Executive Shuttle aut 9 Seter",452551292,NA,494 468 kr,4 532 kr (avgifter),2020,Flerbruksbil,Diesel,177 hk,106 500 km,NA,NA,Automat,2 500 kg,Forhjulsdrift,1 770 kg,9,4,980 L,Hvit,Norge,29.10.2026,Personbil,RA48668,29.10.2020,1,Bruktbilgaranti,12,15000,Bruktbil til salgs,106500,NA,500,177,2500,1770,980,NA,494468,NA,500,TRUE,TRUE,TRUE,TRUE,TRUE,TRUE,TRUE,58.296196420902476,6.662700828596149,4400,Flekkefjord,Toyota Flekkefjord AS,"24. februar 2026, 15:37 Referanse 033a549a-ffe3-4072-aaa8-46d6a94a0405 Del annonsen Rapporter annonse",22042,20182,Agder,data/raw/html/item_452551292.html
https://www.finn.no/mobility/item/462841611,Bruktbil til salgs: Toyota Proace Verso - 2020 - Brun - 177 hk - Flerbruksbil | FINN.no,Toyota Proace Verso,"Lang 2,0D 177 Executive Family aut",462841611,NA,515 000 kr,4 532 kr (avgifter),2020,Flerbruksbil,Diesel,177 hk,95 834 km,NA,NA,Automat,2 500 kg,Forhjulsdrift,1 770 kg,8,5,980 L,Brun,Norge,07.05.2028,Personbil,RZ43489,05.05.2020,2,NA,NA,NA,Bruktbil til salgs,95834,NA,834,177,2500,1770,980,NA,515000,NA,834,FALSE,FALSE,TRUE,TRUE,TRUE,TRUE,TRUE,59.834596549718064,11.140797018981191,1911,Flateby,NA,"8. mai 2026, 18:02 Del annonsen Rapporter annonse",20003,20051,Akershus,data/raw/html/item_462841611.html
https://www.finn.no/mobility/item/445783649,Bruktbil til salgs: Toyota ProAce Max - 2025 - Grå - 279 hk - Kasse | FINN.no,Toyota ProAce Max,L3/H2 // 13m³ COMFORT PLUSS // 110 KWH // 420km WLTP*,445783649,NA,546 518 kr,2 459 kr (avgifter),2025,Kasse,El,279 hk,900 km,110 kWh,NA,Automat,2 400 kg,Forhjulsdrift,2 871 kg,3,4,NA,Grå,Norge,NA,Varebil,EP42731,22.12.2025,NA,Nybilgaranti,60,200000,Bruktbil til salgs,900,110,420,279,2400,2871,NA,NA,546518,NA,420,FALSE,FALSE,FALSE,TRUE,TRUE,TRUE,TRUE,59.891402,10.625674,NA,Fornebu,AUTO BILSALG AS,"12. mai 2026, 13:08 Referanse 2186 Del annonsen Rapporter annonse",20003,20045,Akershus,data/raw/html/item_445783649.html
https://www.finn.no/mobility/item/459665208,Bruktbil til salgs: Toyota ProAce Max - 2025 - Grå - 279 hk - Kasse | FINN.no,Toyota ProAce Max,L3/H2 // COMFORT PLUSS // 110 KWH // 420km WLTP*,459665208,NA,547 518 kr,2 459 kr (avgifter),2025,Kasse,El,279 hk,900 km,110 kWh,NA,Automat,2 400 kg,Forhjulsdrift,2 871 kg,3,4,NA,Grå,Norge,NA,Lett lastebil,EP42731,22.12.2025,NA,Nybilgaranti,60,200000,Bruktbil til salgs,900,110,420,279,2400,2871,NA,NA,547518,NA,420,FALSE,FALSE,FALSE,TRUE,TRUE,TRUE,TRUE,59.891402,10.625674,NA,Fornebu,AUTO BILSALG AS,"12. april 2026, 18:37 Referanse 2196 Del annonsen Rapporter annonse",20003,20045,Akershus,data/raw/html/item_459665208.html
https://www.finn.no/mobility/item/462727345,Bruktbil til salgs: Toyota Proace Verso - 2023 - Grå - 177 hk - Flerbruksbil | FINN.no,Toyota Proace Verso,"Lang 2,0D 177 Executive Shuttle 9s Cruise/Webasto/DAB",462727345,NA,561 495 kr,7 505 kr (avgifter),2023,Flerbruksbil,Diesel,177 hk,89 342 km,NA,NA,Automat,1 800 kg,Forhjulsdrift,2 023 kg,9,4,980 L,Grå,Norge,21.03.2027,Personbil,FT72230,21.03.2023,NA,Nybilgaranti,22,100000,Bruktbil til salgs,89342,NA,342,177,1800,2023,980,NA,561495,NA,342,FALSE,FALSE,FALSE,TRUE,TRUE,TRUE,TRUE,60.831554,11.299375,NA,Løten,Autoplan AS,"7. mai 2026, 10:50 Referanse YARVEEHZ7GZ246478 Del annonsen Rapporter annonse",22034,20065,NA,data/raw/html/item_462727345.html
https://www.finn.no/mobility/item/454729130,Bruktbil til salgs: Toyota Proace Verso - 2022 - Grå - 176 hk - Annet | FINN.no,Toyota Proace Verso,Executive 8-seter/Massasje/H.feste/360kam,454729130,NA,565 368 kr,4 532 kr (avgifter),2022,Annet,Diesel,176 hk,70 414 km,NA,NA,Automat,1 800 kg,Forhjulsdrift,1 770 kg,8,4,900 L,Grå,Norge,NA,Personbil,YT76454,18.03.2022,NA,Resterende Nybilgaranti,11,200000,Bruktbil til salgs,70414,NA,414,176,1800,1770,900,NA,565368,NA,414,TRUE,TRUE,TRUE,TRUE,TRUE,TRUE,TRUE,67.279154,14.424413,NA,Bodø,Nordvik AS - Bodø,"30. april 2026, 10:08 Referanse 1e0807aa-480a-4ca5-aef2-80308a49922c Del annonsen Rapporter annonse",20018,20367,NA,data/raw/html/item_454729130.html
https://www.finn.no/mobility/item/460146176,Bruktbil til salgs: Toyota Proace - 2022 - Grå - 177 hk - Flerbruksbil | FINN.no,Toyota Proace,2.0D 177hk Aut/Lang/8seter/Executive Family/Web/Skinn +,460146176,NA,565 368 kr,4 532 kr (avgifter),2022,Flerbruksbil,Diesel,177 hk,67 000 km,NA,NA,Automat,1 800 kg,Forhjulsdrift,2 032 kg,8,5,NA,Grå,Norge,NA,Personbil,NA,10.08.2022,1,Nybilgaranti fra 1. gang reg.,60,200000,Bruktbil til salgs,67000,NA,0,177,1800,2032,NA,NA,565368,NA,0,TRUE,FALSE,FALSE,TRUE,TRUE,TRUE,TRUE,63.37237,10.336924,NA,Flatåsen,LYSHOLM BIL TRONDHEIM,"1. mai 2026, 07:15 Referanse 6195 Del annonsen Rapporter annonse",20016,20318,NA,data/raw/html/item_460146176.html
https://www.finn.no/mobility/item/460771286,Bruktbil til salgs: Toyota Proace Verso - 2023 - Grå - 177 hk - Flerbruksbil | FINN.no,Toyota Proace Verso,"Lang 2,0D 177 Executive Shuttle 9s 9-SETER/WEBASTO",460771286,NA,591 495 kr,7 505 kr (avgifter),2023,Flerbruksbil,Diesel,177 hk,78 681 km,NA,NA,Automat,1 800 kg,Forhjulsdrift,2 023 kg,9,5,980 L,Grå,Norge,24.04.2027,Personbil,KU13483,24.04.2023,1,Bruktbilgaranti,24,200000,Bruktbil til salgs,78681,NA,681,177,1800,2023,980,NA,591495,NA,681,TRUE,FALSE,TRUE,TRUE,TRUE,TRUE,TRUE,59.62569,9.635376,NA,Kongsberg,Toyota Kongsberg,"21. april 2026, 11:04 Referanse 2e142802-83b6-43aa-a029-c6f5c7c8d42e Del annonsen Rapporter annonse",20007,20111,NA,data/raw/html/item_460771286.html
https://www.finn.no/mobility/item/453910817,Bruktbil til salgs: Toyota Proace Verso - 2021 - Hvit - 144 hk - Flerbruksbil | FINN.no,Toyota Proace Verso,"Lang 2,0 Shuttle 9seter/INNBYTTE KAMPANJE",453910817,NA,594 468 kr,4 532 kr (avgifter),2021,Flerbruksbil,Diesel,144 hk,74 500 km,NA,NA,Automat,1 900 kg,Forhjulsdrift,2 013 kg,9,4,980 L,Hvit,Norge,03.10.2027,Personbil,RL64103,15.12.2021,NA,Bruktbilgaranti,12,10000,Bruktbil til salgs,74500,NA,500,144,1900,2013,980,NA,594468,NA,500,FALSE,FALSE,TRUE,TRUE,TRUE,TRUE,TRUE,58.480869,5.999123,NA,Egersund,Bøgh Hafsø Bilforretning AS,"28. april 2026, 09:25 Referanse 3abf1250-4bd7-4698-8fb4-dec097003567 Del annonsen Rapporter annonse",20012,20194,NA,data/raw/html/item_453910817.html
https://www.finn.no/mobility/item/453909509,Bruktbil til salgs: Toyota Proace Verso - 2021 - Hvit - 144 hk - Flerbruksbil | FINN.no,Toyota Proace Verso,"Lang 2,0 Shuttle 9seter/INNBYTTE KAMPANJE",453909509,NA,594 468 kr,4 532 kr (avgifter),2021,Flerbruksbil,Diesel,144 hk,76 000 km,NA,NA,Automat,1 900 kg,Forhjulsdrift,2 013 kg,9,4,980 L,Hvit,Norge,13.12.2025,Personbil,RL64710,13.12.2021,NA,Bruktbilgaranti,12,10000,Bruktbil til salgs,76000,NA,0,144,1900,2013,980,NA,594468,NA,0,FALSE,FALSE,TRUE,TRUE,TRUE,TRUE,TRUE,58.480869,5.999123,NA,Egersund,Bøgh Hafsø Bilforretning AS,"28. april 2026, 09:28 Referanse 6fd07a6c-5fe7-4cf9-b191-629712f3ebb2 Del annonsen Rapporter annonse",20012,20194,NA,data/raw/html/item_453909509.html
https://www.finn.no/mobility/item/461617632,Bruktbil til salgs: Toyota Proace Verso - 2022 - Svart - 144 hk - Flerbruksbil | FINN.no,Toyota Proace Verso,"Lang 2,0 Shuttle 9seter/INNBYTTE KAMPANJE",461617632,NA,614 468 kr,4 532 kr (avgifter),2022,Flerbruksbil,Diesel,144 hk,89 900 km,NA,NA,Automat,1 900 kg,Forhjulsdrift,2 013 kg,9,4,980 L,Svart,Norge,13.07.2026,Personbil,RL64721,13.07.2022,NA,Bruktbilgaranti,12,10000,Bruktbil til salgs,89900,NA,900,144,1900,2013,980,NA,614468,NA,900,FALSE,FALSE,FALSE,TRUE,TRUE,TRUE,TRUE,58.480869,5.999123,NA,Egersund,Bøgh Hafsø Bilforretning AS,"28. april 2026, 09:25 Referanse 652179c2-fc8b-4f1d-a6fd-dbc2e8ec794f Del annonsen Rapporter annonse",20012,20194,NA,data/raw/html/item_461617632.html
https://www.finn.no/mobility/item/460244271,Bruktbil til salgs: Toyota Proace Verso - 2023 - Grå - 177 hk - Flerbruksbil | FINN.no,Toyota Proace Verso,L3 Executive 177hk 9-SETER/EL-SKYVEDØRER/ACC/KROK,460244271,NA,632 485 kr,7 505 kr (avgifter),2023,Flerbruksbil,Diesel,177 hk,58 156 km,NA,NA,Automat,1 800 kg,Forhjulsdrift,1 977 kg,9,5,NA,Grå,Norge,NA,Personbil,NA,07.02.2023,NA,Nybilgaranti fra 1. gang reg.,60,200000,Bruktbil til salgs,58156,NA,156,177,1800,1977,NA,NA,632485,NA,156,TRUE,FALSE,FALSE,TRUE,TRUE,TRUE,TRUE,63.439843,10.889477,NA,Hell,STJØRDAL AUTO,"29. april 2026, 08:59 Referanse 5450 Del annonsen Rapporter annonse",20016,20346,NA,data/raw/html/item_460244271.html
